summary,kcut,klabel,noise_id,sigma_rad,sigma_tran,n_points,mean_z,min_z,max_z
Pk0,kmin-0.0_kmax-0.2,k<0.2,0,0.0,0.0,1,2.1340794451999687,2.1340794451999687,2.1340794451999687
Pk0,kmin-0.0_kmax-0.2,k<0.2,1,0.75175,0.0,1,2.094483277461564,2.094483277461564,2.094483277461564
Pk0,kmin-0.0_kmax-0.2,k<0.2,2,1.5035,0.0,1,2.1686483984683598,2.1686483984683598,2.1686483984683598
Pk0,kmin-0.0_kmax-0.2,k<0.2,3,2.25525,0.0,1,2.024651501792286,2.024651501792286,2.024651501792286
Pk0,kmin-0.0_kmax-0.2,k<0.2,4,3.007,0.0,1,2.0089451882981946,2.0089451882981946,2.0089451882981946
Pk0,kmin-0.0_kmax-0.2,k<0.2,5,3.75875,0.0,1,2.0665582179350235,2.0665582179350235,2.0665582179350235
Pk0,kmin-0.0_kmax-0.2,k<0.2,6,4.5105,0.0,1,1.5671861136346035,1.5671861136346035,1.5671861136346035
Pk0,kmin-0.0_kmax-0.2,k<0.2,7,0.0,0.75175,1,2.075472182566419,2.075472182566419,2.075472182566419
Pk0,kmin-0.0_kmax-0.2,k<0.2,8,0.75175,0.75175,1,2.069412170559267,2.069412170559267,2.069412170559267
Pk0,kmin-0.0_kmax-0.2,k<0.2,9,1.5035,0.75175,1,2.0244146306927764,2.0244146306927764,2.0244146306927764
Pk0,kmin-0.0_kmax-0.2,k<0.2,10,2.25525,0.75175,1,2.028833612111152,2.028833612111152,2.028833612111152
Pk0,kmin-0.0_kmax-0.2,k<0.2,11,3.007,0.75175,1,1.9222501272997639,1.9222501272997639,1.9222501272997639
Pk0,kmin-0.0_kmax-0.2,k<0.2,12,3.75875,0.75175,1,2.0520929262349066,2.0520929262349066,2.0520929262349066
Pk0,kmin-0.0_kmax-0.2,k<0.2,13,4.5105,0.75175,1,1.4740606427436842,1.4740606427436842,1.4740606427436842
Pk0,kmin-0.0_kmax-0.2,k<0.2,14,0.0,1.5035,1,2.0846298505930703,2.0846298505930703,2.0846298505930703
Pk0,kmin-0.0_kmax-0.2,k<0.2,15,0.75175,1.5035,1,2.04568384770532,2.04568384770532,2.04568384770532
Pk0,kmin-0.0_kmax-0.2,k<0.2,16,1.5035,1.5035,1,1.985297584728307,1.985297584728307,1.985297584728307
Pk0,kmin-0.0_kmax-0.2,k<0.2,17,2.25525,1.5035,1,1.9055813586566623,1.9055813586566623,1.9055813586566623
Pk0,kmin-0.0_kmax-0.2,k<0.2,18,3.007,1.5035,1,1.9841526653502486,1.9841526653502486,1.9841526653502486
Pk0,kmin-0.0_kmax-0.2,k<0.2,19,3.75875,1.5035,1,1.5500122835826367,1.5500122835826367,1.5500122835826367
Pk0,kmin-0.0_kmax-0.2,k<0.2,20,4.5105,1.5035,1,1.5931746283536186,1.5931746283536186,1.5931746283536186
Pk0,kmin-0.0_kmax-0.2,k<0.2,21,0.0,2.25525,1,1.9686442647972793,1.9686442647972793,1.9686442647972793
Pk0,kmin-0.0_kmax-0.2,k<0.2,22,0.75175,2.25525,1,1.8761184556744754,1.8761184556744754,1.8761184556744754
Pk0,kmin-0.0_kmax-0.2,k<0.2,23,1.5035,2.25525,1,1.8992949375111041,1.8992949375111041,1.8992949375111041
Pk0,kmin-0.0_kmax-0.2,k<0.2,24,2.25525,2.25525,1,1.903799017429238,1.903799017429238,1.903799017429238
Pk0,kmin-0.0_kmax-0.2,k<0.2,25,3.007,2.25525,1,1.5306176304489365,1.5306176304489365,1.5306176304489365
Pk0,kmin-0.0_kmax-0.2,k<0.2,26,3.75875,2.25525,1,1.4837866180094326,1.4837866180094326,1.4837866180094326
Pk0,kmin-0.0_kmax-0.2,k<0.2,27,4.5105,2.25525,1,1.4646033066776853,1.4646033066776853,1.4646033066776853
Pk0,kmin-0.0_kmax-0.2,k<0.2,28,0.0,3.007,1,1.8008132966766601,1.8008132966766601,1.8008132966766601
Pk0,kmin-0.0_kmax-0.2,k<0.2,29,0.75175,3.007,1,1.7839016488581438,1.7839016488581438,1.7839016488581438
Pk0,kmin-0.0_kmax-0.2,k<0.2,30,1.5035,3.007,1,1.5980585586202671,1.5980585586202671,1.5980585586202671
Pk0,kmin-0.0_kmax-0.2,k<0.2,31,2.25525,3.007,1,1.4503353273197235,1.4503353273197235,1.4503353273197235
Pk0,kmin-0.0_kmax-0.2,k<0.2,32,3.007,3.007,1,1.5251677359408862,1.5251677359408862,1.5251677359408862
Pk0,kmin-0.0_kmax-0.2,k<0.2,33,3.75875,3.007,1,1.4205047786974532,1.4205047786974532,1.4205047786974532
Pk0,kmin-0.0_kmax-0.2,k<0.2,34,4.5105,3.007,1,1.4645839162843524,1.4645839162843524,1.4645839162843524
Pk0,kmin-0.0_kmax-0.2,k<0.2,35,0.0,3.75875,1,1.404770515891764,1.404770515891764,1.404770515891764
Pk0,kmin-0.0_kmax-0.2,k<0.2,36,0.75175,3.75875,1,1.4218772449383794,1.4218772449383794,1.4218772449383794
Pk0,kmin-0.0_kmax-0.2,k<0.2,37,1.5035,3.75875,1,1.4218082252662594,1.4218082252662594,1.4218082252662594
Pk0,kmin-0.0_kmax-0.2,k<0.2,38,2.25525,3.75875,1,1.4819463266329824,1.4819463266329824,1.4819463266329824
Pk0,kmin-0.0_kmax-0.2,k<0.2,39,3.007,3.75875,1,1.4309240828394285,1.4309240828394285,1.4309240828394285
Pk0,kmin-0.0_kmax-0.2,k<0.2,40,3.75875,3.75875,1,1.4701229238143592,1.4701229238143592,1.4701229238143592
Pk0,kmin-0.0_kmax-0.2,k<0.2,41,4.5105,3.75875,1,1.6490665979136012,1.6490665979136012,1.6490665979136012
Pk0,kmin-0.0_kmax-0.2,k<0.2,42,0.0,4.5105,1,1.4748514329818805,1.4748514329818805,1.4748514329818805
Pk0,kmin-0.0_kmax-0.2,k<0.2,43,0.75175,4.5105,1,1.4004401698843778,1.4004401698843778,1.4004401698843778
Pk0,kmin-0.0_kmax-0.2,k<0.2,44,1.5035,4.5105,1,1.42927733020869,1.42927733020869,1.42927733020869
Pk0,kmin-0.0_kmax-0.2,k<0.2,45,2.25525,4.5105,1,1.4662147105010572,1.4662147105010572,1.4662147105010572
Pk0,kmin-0.0_kmax-0.2,k<0.2,46,3.007,4.5105,1,1.6334034165685036,1.6334034165685036,1.6334034165685036
Pk0,kmin-0.0_kmax-0.2,k<0.2,47,3.75875,4.5105,1,1.6142755601873942,1.6142755601873942,1.6142755601873942
Pk0,kmin-0.0_kmax-0.2,k<0.2,48,4.5105,4.5105,1,1.6538790384572901,1.6538790384572901,1.6538790384572901
Pk0,kmin-0.0_kmax-0.4,k<0.4,0,0.0,0.0,1,1.783283948750327,1.783283948750327,1.783283948750327
Pk0,kmin-0.0_kmax-0.4,k<0.4,1,0.75175,0.0,1,1.8387383456129966,1.8387383456129966,1.8387383456129966
Pk0,kmin-0.0_kmax-0.4,k<0.4,2,1.5035,0.0,1,1.7513484169499856,1.7513484169499856,1.7513484169499856
Pk0,kmin-0.0_kmax-0.4,k<0.4,3,2.25525,0.0,1,1.7717102792074715,1.7717102792074715,1.7717102792074715
Pk0,kmin-0.0_kmax-0.4,k<0.4,4,3.007,0.0,1,1.7915894688054366,1.7915894688054366,1.7915894688054366
Pk0,kmin-0.0_kmax-0.4,k<0.4,5,3.75875,0.0,1,1.789940180145894,1.789940180145894,1.789940180145894
Pk0,kmin-0.0_kmax-0.4,k<0.4,6,4.5105,0.0,1,1.710630052540752,1.710630052540752,1.710630052540752
Pk0,kmin-0.0_kmax-0.4,k<0.4,7,0.0,0.75175,1,1.7543884286952365,1.7543884286952365,1.7543884286952365
Pk0,kmin-0.0_kmax-0.4,k<0.4,8,0.75175,0.75175,1,1.7810761517929807,1.7810761517929807,1.7810761517929807
Pk0,kmin-0.0_kmax-0.4,k<0.4,9,1.5035,0.75175,1,1.7725056383244542,1.7725056383244542,1.7725056383244542
Pk0,kmin-0.0_kmax-0.4,k<0.4,10,2.25525,0.75175,1,1.8857216402151578,1.8857216402151578,1.8857216402151578
Pk0,kmin-0.0_kmax-0.4,k<0.4,11,3.007,0.75175,1,1.7490996770414526,1.7490996770414526,1.7490996770414526
Pk0,kmin-0.0_kmax-0.4,k<0.4,12,3.75875,0.75175,1,1.7772260060276235,1.7772260060276235,1.7772260060276235
Pk0,kmin-0.0_kmax-0.4,k<0.4,13,4.5105,0.75175,1,1.695781463314551,1.695781463314551,1.695781463314551
Pk0,kmin-0.0_kmax-0.4,k<0.4,14,0.0,1.5035,1,1.6564985412271969,1.6564985412271969,1.6564985412271969
Pk0,kmin-0.0_kmax-0.4,k<0.4,15,0.75175,1.5035,1,1.7318997619360506,1.7318997619360506,1.7318997619360506
Pk0,kmin-0.0_kmax-0.4,k<0.4,16,1.5035,1.5035,1,1.7241865143088908,1.7241865143088908,1.7241865143088908
Pk0,kmin-0.0_kmax-0.4,k<0.4,17,2.25525,1.5035,1,1.7321130538848863,1.7321130538848863,1.7321130538848863
Pk0,kmin-0.0_kmax-0.4,k<0.4,18,3.007,1.5035,1,1.6635113952732996,1.6635113952732996,1.6635113952732996
Pk0,kmin-0.0_kmax-0.4,k<0.4,19,3.75875,1.5035,1,1.515425478309778,1.515425478309778,1.515425478309778
Pk0,kmin-0.0_kmax-0.4,k<0.4,20,4.5105,1.5035,1,1.6468048616785729,1.6468048616785729,1.6468048616785729
Pk0,kmin-0.0_kmax-0.4,k<0.4,21,0.0,2.25525,1,1.5657939243275159,1.5657939243275159,1.5657939243275159
Pk0,kmin-0.0_kmax-0.4,k<0.4,22,0.75175,2.25525,1,1.6843886705720446,1.6843886705720446,1.6843886705720446
Pk0,kmin-0.0_kmax-0.4,k<0.4,23,1.5035,2.25525,1,1.6349825516768732,1.6349825516768732,1.6349825516768732
Pk0,kmin-0.0_kmax-0.4,k<0.4,24,2.25525,2.25525,1,1.5889979777485155,1.5889979777485155,1.5889979777485155
Pk0,kmin-0.0_kmax-0.4,k<0.4,25,3.007,2.25525,1,1.525009758152744,1.525009758152744,1.525009758152744
Pk0,kmin-0.0_kmax-0.4,k<0.4,26,3.75875,2.25525,1,1.6063274018608353,1.6063274018608353,1.6063274018608353
Pk0,kmin-0.0_kmax-0.4,k<0.4,27,4.5105,2.25525,1,1.7471092847732324,1.7471092847732324,1.7471092847732324
Pk0,kmin-0.0_kmax-0.4,k<0.4,28,0.0,3.007,1,1.4787759942015548,1.4787759942015548,1.4787759942015548
Pk0,kmin-0.0_kmax-0.4,k<0.4,29,0.75175,3.007,1,1.5719887016602885,1.5719887016602885,1.5719887016602885
Pk0,kmin-0.0_kmax-0.4,k<0.4,30,1.5035,3.007,1,1.4236911332031772,1.4236911332031772,1.4236911332031772
Pk0,kmin-0.0_kmax-0.4,k<0.4,31,2.25525,3.007,1,1.4823456033609272,1.4823456033609272,1.4823456033609272
Pk0,kmin-0.0_kmax-0.4,k<0.4,32,3.007,3.007,1,1.4900519424133014,1.4900519424133014,1.4900519424133014
Pk0,kmin-0.0_kmax-0.4,k<0.4,33,3.75875,3.007,1,1.6394557016206595,1.6394557016206595,1.6394557016206595
Pk0,kmin-0.0_kmax-0.4,k<0.4,34,4.5105,3.007,1,1.7831101406724532,1.7831101406724532,1.7831101406724532
Pk0,kmin-0.0_kmax-0.4,k<0.4,35,0.0,3.75875,1,1.5453587106061493,1.5453587106061493,1.5453587106061493
Pk0,kmin-0.0_kmax-0.4,k<0.4,36,0.75175,3.75875,1,1.4987403652925597,1.4987403652925597,1.4987403652925597
Pk0,kmin-0.0_kmax-0.4,k<0.4,37,1.5035,3.75875,1,1.5596845338027476,1.5596845338027476,1.5596845338027476
Pk0,kmin-0.0_kmax-0.4,k<0.4,38,2.25525,3.75875,1,1.6141127485433129,1.6141127485433129,1.6141127485433129
Pk0,kmin-0.0_kmax-0.4,k<0.4,39,3.007,3.75875,1,1.674161208433895,1.674161208433895,1.674161208433895
Pk0,kmin-0.0_kmax-0.4,k<0.4,40,3.75875,3.75875,1,1.8423219754176252,1.8423219754176252,1.8423219754176252
Pk0,kmin-0.0_kmax-0.4,k<0.4,41,4.5105,3.75875,1,1.9728951935977403,1.9728951935977403,1.9728951935977403
Pk0,kmin-0.0_kmax-0.4,k<0.4,42,0.0,4.5105,1,1.8000290606220974,1.8000290606220974,1.8000290606220974
Pk0,kmin-0.0_kmax-0.4,k<0.4,43,0.75175,4.5105,1,1.8024283049992968,1.8024283049992968,1.8024283049992968
Pk0,kmin-0.0_kmax-0.4,k<0.4,44,1.5035,4.5105,1,1.7620938220885531,1.7620938220885531,1.7620938220885531
Pk0,kmin-0.0_kmax-0.4,k<0.4,45,2.25525,4.5105,1,1.9383451379191035,1.9383451379191035,1.9383451379191035
Pk0,kmin-0.0_kmax-0.4,k<0.4,46,3.007,4.5105,1,1.9493778601077318,1.9493778601077318,1.9493778601077318
Pk0,kmin-0.0_kmax-0.4,k<0.4,47,3.75875,4.5105,1,2.186142100496796,2.186142100496796,2.186142100496796
Pk0,kmin-0.0_kmax-0.4,k<0.4,48,4.5105,4.5105,1,2.425790406165388,2.425790406165388,2.425790406165388
Pk0,kmin-0.0_kmax-0.6,k<0.6,0,0.0,0.0,1,2.1794617062555357,2.1794617062555357,2.1794617062555357
Pk0,kmin-0.0_kmax-0.6,k<0.6,1,0.75175,0.0,1,2.215432506495327,2.215432506495327,2.215432506495327
Pk0,kmin-0.0_kmax-0.6,k<0.6,2,1.5035,0.0,1,2.1290614327142543,2.1290614327142543,2.1290614327142543
Pk0,kmin-0.0_kmax-0.6,k<0.6,3,2.25525,0.0,1,2.1038164996433286,2.1038164996433286,2.1038164996433286
Pk0,kmin-0.0_kmax-0.6,k<0.6,4,3.007,0.0,1,2.1947996577330553,2.1947996577330553,2.1947996577330553
Pk0,kmin-0.0_kmax-0.6,k<0.6,5,3.75875,0.0,1,2.3325052639956527,2.3325052639956527,2.3325052639956527
Pk0,kmin-0.0_kmax-0.6,k<0.6,6,4.5105,0.0,1,2.1197467790142746,2.1197467790142746,2.1197467790142746
Pk0,kmin-0.0_kmax-0.6,k<0.6,7,0.0,0.75175,1,2.1507955513631125,2.1507955513631125,2.1507955513631125
Pk0,kmin-0.0_kmax-0.6,k<0.6,8,0.75175,0.75175,1,2.0086563855737105,2.0086563855737105,2.0086563855737105
Pk0,kmin-0.0_kmax-0.6,k<0.6,9,1.5035,0.75175,1,2.040896017304927,2.040896017304927,2.040896017304927
Pk0,kmin-0.0_kmax-0.6,k<0.6,10,2.25525,0.75175,1,2.1040866396645237,2.1040866396645237,2.1040866396645237
Pk0,kmin-0.0_kmax-0.6,k<0.6,11,3.007,0.75175,1,2.2230375326166816,2.2230375326166816,2.2230375326166816
Pk0,kmin-0.0_kmax-0.6,k<0.6,12,3.75875,0.75175,1,2.3340153198760603,2.3340153198760603,2.3340153198760603
Pk0,kmin-0.0_kmax-0.6,k<0.6,13,4.5105,0.75175,1,1.9191629590214792,1.9191629590214792,1.9191629590214792
Pk0,kmin-0.0_kmax-0.6,k<0.6,14,0.0,1.5035,1,2.0545287089621858,2.0545287089621858,2.0545287089621858
Pk0,kmin-0.0_kmax-0.6,k<0.6,15,0.75175,1.5035,1,1.9929294093226295,1.9929294093226295,1.9929294093226295
Pk0,kmin-0.0_kmax-0.6,k<0.6,16,1.5035,1.5035,1,1.964106699911453,1.964106699911453,1.964106699911453
Pk0,kmin-0.0_kmax-0.6,k<0.6,17,2.25525,1.5035,1,2.0601940209113576,2.0601940209113576,2.0601940209113576
Pk0,kmin-0.0_kmax-0.6,k<0.6,18,3.007,1.5035,1,2.060751194429267,2.060751194429267,2.060751194429267
Pk0,kmin-0.0_kmax-0.6,k<0.6,19,3.75875,1.5035,1,1.8118873062276066,1.8118873062276066,1.8118873062276066
Pk0,kmin-0.0_kmax-0.6,k<0.6,20,4.5105,1.5035,1,1.921807354924193,1.921807354924193,1.921807354924193
Pk0,kmin-0.0_kmax-0.6,k<0.6,21,0.0,2.25525,1,1.9458865472764073,1.9458865472764073,1.9458865472764073
Pk0,kmin-0.0_kmax-0.6,k<0.6,22,0.75175,2.25525,1,2.015236539536014,2.015236539536014,2.015236539536014
Pk0,kmin-0.0_kmax-0.6,k<0.6,23,1.5035,2.25525,1,1.819407466665555,1.819407466665555,1.819407466665555
Pk0,kmin-0.0_kmax-0.6,k<0.6,24,2.25525,2.25525,1,1.9513303704704386,1.9513303704704386,1.9513303704704386
Pk0,kmin-0.0_kmax-0.6,k<0.6,25,3.007,2.25525,1,1.7563804577064777,1.7563804577064777,1.7563804577064777
Pk0,kmin-0.0_kmax-0.6,k<0.6,26,3.75875,2.25525,1,1.7308157387026306,1.7308157387026306,1.7308157387026306
Pk0,kmin-0.0_kmax-0.6,k<0.6,27,4.5105,2.25525,1,1.9405142950806802,1.9405142950806802,1.9405142950806802
Pk0,kmin-0.0_kmax-0.6,k<0.6,28,0.0,3.007,1,1.8739911754806895,1.8739911754806895,1.8739911754806895
Pk0,kmin-0.0_kmax-0.6,k<0.6,29,0.75175,3.007,1,1.935856065611947,1.935856065611947,1.935856065611947
Pk0,kmin-0.0_kmax-0.6,k<0.6,30,1.5035,3.007,1,1.7748145312293915,1.7748145312293915,1.7748145312293915
Pk0,kmin-0.0_kmax-0.6,k<0.6,31,2.25525,3.007,1,1.694430912863381,1.694430912863381,1.694430912863381
Pk0,kmin-0.0_kmax-0.6,k<0.6,32,3.007,3.007,1,1.7434481794254413,1.7434481794254413,1.7434481794254413
Pk0,kmin-0.0_kmax-0.6,k<0.6,33,3.75875,3.007,1,1.9192827391654164,1.9192827391654164,1.9192827391654164
Pk0,kmin-0.0_kmax-0.6,k<0.6,34,4.5105,3.007,1,2.0548757867262064,2.0548757867262064,2.0548757867262064
Pk0,kmin-0.0_kmax-0.6,k<0.6,35,0.0,3.75875,1,1.707389306584383,1.707389306584383,1.707389306584383
Pk0,kmin-0.0_kmax-0.6,k<0.6,36,0.75175,3.75875,1,1.7188774965795781,1.7188774965795781,1.7188774965795781
Pk0,kmin-0.0_kmax-0.6,k<0.6,37,1.5035,3.75875,1,1.7941264979619047,1.7941264979619047,1.7941264979619047
Pk0,kmin-0.0_kmax-0.6,k<0.6,38,2.25525,3.75875,1,1.8939716413265857,1.8939716413265857,1.8939716413265857
Pk0,kmin-0.0_kmax-0.6,k<0.6,39,3.007,3.75875,1,1.9648096208371715,1.9648096208371715,1.9648096208371715
Pk0,kmin-0.0_kmax-0.6,k<0.6,40,3.75875,3.75875,1,2.069221532646163,2.069221532646163,2.069221532646163
Pk0,kmin-0.0_kmax-0.6,k<0.6,41,4.5105,3.75875,1,2.247433594137512,2.247433594137512,2.247433594137512
Pk0,kmin-0.0_kmax-0.6,k<0.6,42,0.0,4.5105,1,1.9384468047739722,1.9384468047739722,1.9384468047739722
Pk0,kmin-0.0_kmax-0.6,k<0.6,43,0.75175,4.5105,1,2.0009458167205647,2.0009458167205647,2.0009458167205647
Pk0,kmin-0.0_kmax-0.6,k<0.6,44,1.5035,4.5105,1,2.015353952404595,2.015353952404595,2.015353952404595
Pk0,kmin-0.0_kmax-0.6,k<0.6,45,2.25525,4.5105,1,2.0854722937591923,2.0854722937591923,2.0854722937591923
Pk0,kmin-0.0_kmax-0.6,k<0.6,46,3.007,4.5105,1,2.2592303784902272,2.2592303784902272,2.2592303784902272
Pk0,kmin-0.0_kmax-0.6,k<0.6,47,3.75875,4.5105,1,2.3460882427157683,2.3460882427157683,2.3460882427157683
Pk0,kmin-0.0_kmax-0.6,k<0.6,48,4.5105,4.5105,1,2.5983551794561213,2.5983551794561213,2.5983551794561213
Pk0+Pk2+Pk4,kmin-0.0_kmax-0.2,k<0.2,0,0.0,0.0,1,0.6633844906722539,0.6633844906722539,0.6633844906722539
Pk0+Pk2+Pk4,kmin-0.0_kmax-0.2,k<0.2,1,0.75175,0.0,1,0.654039841202435,0.654039841202435,0.654039841202435
Pk0+Pk2+Pk4,kmin-0.0_kmax-0.2,k<0.2,2,1.5035,0.0,1,0.7150766452760811,0.7150766452760811,0.7150766452760811
Pk0+Pk2+Pk4,kmin-0.0_kmax-0.2,k<0.2,3,2.25525,0.0,1,0.6922481004117839,0.6922481004117839,0.6922481004117839
Pk0+Pk2+Pk4,kmin-0.0_kmax-0.2,k<0.2,4,3.007,0.0,1,0.6867834382345626,0.6867834382345626,0.6867834382345626
Pk0+Pk2+Pk4,kmin-0.0_kmax-0.2,k<0.2,5,3.75875,0.0,1,0.9506736279279453,0.9506736279279453,0.9506736279279453
Pk0+Pk2+Pk4,kmin-0.0_kmax-0.2,k<0.2,6,4.5105,0.0,1,1.4446804710444294,1.4446804710444294,1.4446804710444294
Pk0+Pk2+Pk4,kmin-0.0_kmax-0.2,k<0.2,7,0.0,0.75175,1,0.6168472804384785,0.6168472804384785,0.6168472804384785
Pk0+Pk2+Pk4,kmin-0.0_kmax-0.2,k<0.2,8,0.75175,0.75175,1,0.6863740413057436,0.6863740413057436,0.6863740413057436
Pk0+Pk2+Pk4,kmin-0.0_kmax-0.2,k<0.2,9,1.5035,0.75175,1,0.6480850031494231,0.6480850031494231,0.6480850031494231
Pk0+Pk2+Pk4,kmin-0.0_kmax-0.2,k<0.2,10,2.25525,0.75175,1,0.660923882104531,0.660923882104531,0.660923882104531
Pk0+Pk2+Pk4,kmin-0.0_kmax-0.2,k<0.2,11,3.007,0.75175,1,0.6165187910062175,0.6165187910062175,0.6165187910062175
Pk0+Pk2+Pk4,kmin-0.0_kmax-0.2,k<0.2,12,3.75875,0.75175,1,0.9412651432401273,0.9412651432401273,0.9412651432401273
Pk0+Pk2+Pk4,kmin-0.0_kmax-0.2,k<0.2,13,4.5105,0.75175,1,1.5750939286574053,1.5750939286574053,1.5750939286574053
Pk0+Pk2+Pk4,kmin-0.0_kmax-0.2,k<0.2,14,0.0,1.5035,1,0.5418731646735652,0.5418731646735652,0.5418731646735652
Pk0+Pk2+Pk4,kmin-0.0_kmax-0.2,k<0.2,15,0.75175,1.5035,1,0.5283608312180061,0.5283608312180061,0.5283608312180061
Pk0+Pk2+Pk4,kmin-0.0_kmax-0.2,k<0.2,16,1.5035,1.5035,1,0.587596780806998,0.587596780806998,0.587596780806998
Pk0+Pk2+Pk4,kmin-0.0_kmax-0.2,k<0.2,17,2.25525,1.5035,1,0.5591332270628993,0.5591332270628993,0.5591332270628993
Pk0+Pk2+Pk4,kmin-0.0_kmax-0.2,k<0.2,18,3.007,1.5035,1,0.5845641971974269,0.5845641971974269,0.5845641971974269
Pk0+Pk2+Pk4,kmin-0.0_kmax-0.2,k<0.2,19,3.75875,1.5035,1,1.2373523660024779,1.2373523660024779,1.2373523660024779
Pk0+Pk2+Pk4,kmin-0.0_kmax-0.2,k<0.2,20,4.5105,1.5035,1,1.517041236668828,1.517041236668828,1.517041236668828
Pk0+Pk2+Pk4,kmin-0.0_kmax-0.2,k<0.2,21,0.0,2.25525,1,0.44534689712568665,0.44534689712568665,0.44534689712568665
Pk0+Pk2+Pk4,kmin-0.0_kmax-0.2,k<0.2,22,0.75175,2.25525,1,0.49632930548915416,0.49632930548915416,0.49632930548915416
Pk0+Pk2+Pk4,kmin-0.0_kmax-0.2,k<0.2,23,1.5035,2.25525,1,0.4528397867076313,0.4528397867076313,0.4528397867076313
Pk0+Pk2+Pk4,kmin-0.0_kmax-0.2,k<0.2,24,2.25525,2.25525,1,0.6633629846565064,0.6633629846565064,0.6633629846565064
Pk0+Pk2+Pk4,kmin-0.0_kmax-0.2,k<0.2,25,3.007,2.25525,1,1.1235939796260856,1.1235939796260856,1.1235939796260856
Pk0+Pk2+Pk4,kmin-0.0_kmax-0.2,k<0.2,26,3.75875,2.25525,1,1.3019815765091283,1.3019815765091283,1.3019815765091283
Pk0+Pk2+Pk4,kmin-0.0_kmax-0.2,k<0.2,27,4.5105,2.25525,1,1.440702177653639,1.440702177653639,1.440702177653639
Pk0+Pk2+Pk4,kmin-0.0_kmax-0.2,k<0.2,28,0.0,3.007,1,0.6406677204041298,0.6406677204041298,0.6406677204041298
Pk0+Pk2+Pk4,kmin-0.0_kmax-0.2,k<0.2,29,0.75175,3.007,1,0.688638713073604,0.688638713073604,0.688638713073604
Pk0+Pk2+Pk4,kmin-0.0_kmax-0.2,k<0.2,30,1.5035,3.007,1,0.860154974460158,0.860154974460158,0.860154974460158
Pk0+Pk2+Pk4,kmin-0.0_kmax-0.2,k<0.2,31,2.25525,3.007,1,1.0366475965636843,1.0366475965636843,1.0366475965636843
Pk0+Pk2+Pk4,kmin-0.0_kmax-0.2,k<0.2,32,3.007,3.007,1,1.1589331272126373,1.1589331272126373,1.1589331272126373
Pk0+Pk2+Pk4,kmin-0.0_kmax-0.2,k<0.2,33,3.75875,3.007,1,1.307210764168554,1.307210764168554,1.307210764168554
Pk0+Pk2+Pk4,kmin-0.0_kmax-0.2,k<0.2,34,4.5105,3.007,1,1.3313062345973214,1.3313062345973214,1.3313062345973214
Pk0+Pk2+Pk4,kmin-0.0_kmax-0.2,k<0.2,35,0.0,3.75875,1,0.8734634962645957,0.8734634962645957,0.8734634962645957
Pk0+Pk2+Pk4,kmin-0.0_kmax-0.2,k<0.2,36,0.75175,3.75875,1,0.9523596833847863,0.9523596833847863,0.9523596833847863
Pk0+Pk2+Pk4,kmin-0.0_kmax-0.2,k<0.2,37,1.5035,3.75875,1,0.9170997645015075,0.9170997645015075,0.9170997645015075
Pk0+Pk2+Pk4,kmin-0.0_kmax-0.2,k<0.2,38,2.25525,3.75875,1,1.1667283462470022,1.1667283462470022,1.1667283462470022
Pk0+Pk2+Pk4,kmin-0.0_kmax-0.2,k<0.2,39,3.007,3.75875,1,1.0929561455546106,1.0929561455546106,1.0929561455546106
Pk0+Pk2+Pk4,kmin-0.0_kmax-0.2,k<0.2,40,3.75875,3.75875,1,1.2055027852163425,1.2055027852163425,1.2055027852163425
Pk0+Pk2+Pk4,kmin-0.0_kmax-0.2,k<0.2,41,4.5105,3.75875,1,1.374584904298736,1.374584904298736,1.374584904298736
Pk0+Pk2+Pk4,kmin-0.0_kmax-0.2,k<0.2,42,0.0,4.5105,1,0.8865059694905163,0.8865059694905163,0.8865059694905163
Pk0+Pk2+Pk4,kmin-0.0_kmax-0.2,k<0.2,43,0.75175,4.5105,1,0.8677610897224756,0.8677610897224756,0.8677610897224756
Pk0+Pk2+Pk4,kmin-0.0_kmax-0.2,k<0.2,44,1.5035,4.5105,1,0.8263477726921766,0.8263477726921766,0.8263477726921766
Pk0+Pk2+Pk4,kmin-0.0_kmax-0.2,k<0.2,45,2.25525,4.5105,1,0.8551760068633272,0.8551760068633272,0.8551760068633272
Pk0+Pk2+Pk4,kmin-0.0_kmax-0.2,k<0.2,46,3.007,4.5105,1,1.1055274181198247,1.1055274181198247,1.1055274181198247
Pk0+Pk2+Pk4,kmin-0.0_kmax-0.2,k<0.2,47,3.75875,4.5105,1,1.090256941112862,1.090256941112862,1.090256941112862
Pk0+Pk2+Pk4,kmin-0.0_kmax-0.2,k<0.2,48,4.5105,4.5105,1,1.1048976896996368,1.1048976896996368,1.1048976896996368
Pk0+Pk2+Pk4,kmin-0.0_kmax-0.4,k<0.4,0,0.0,0.0,1,1.2234341533547533,1.2234341533547533,1.2234341533547533
Pk0+Pk2+Pk4,kmin-0.0_kmax-0.4,k<0.4,1,0.75175,0.0,1,1.1826172227183753,1.1826172227183753,1.1826172227183753
Pk0+Pk2+Pk4,kmin-0.0_kmax-0.4,k<0.4,2,1.5035,0.0,1,1.2215461172954827,1.2215461172954827,1.2215461172954827
Pk0+Pk2+Pk4,kmin-0.0_kmax-0.4,k<0.4,3,2.25525,0.0,1,1.2518551001757785,1.2518551001757785,1.2518551001757785
Pk0+Pk2+Pk4,kmin-0.0_kmax-0.4,k<0.4,4,3.007,0.0,1,1.2841501068879095,1.2841501068879095,1.2841501068879095
Pk0+Pk2+Pk4,kmin-0.0_kmax-0.4,k<0.4,5,3.75875,0.0,1,1.476225767376266,1.476225767376266,1.476225767376266
Pk0+Pk2+Pk4,kmin-0.0_kmax-0.4,k<0.4,6,4.5105,0.0,1,1.912618074374895,1.912618074374895,1.912618074374895
Pk0+Pk2+Pk4,kmin-0.0_kmax-0.4,k<0.4,7,0.0,0.75175,1,1.1766074508255673,1.1766074508255673,1.1766074508255673
Pk0+Pk2+Pk4,kmin-0.0_kmax-0.4,k<0.4,8,0.75175,0.75175,1,1.2089340185579618,1.2089340185579618,1.2089340185579618
Pk0+Pk2+Pk4,kmin-0.0_kmax-0.4,k<0.4,9,1.5035,0.75175,1,1.120944034268648,1.120944034268648,1.120944034268648
Pk0+Pk2+Pk4,kmin-0.0_kmax-0.4,k<0.4,10,2.25525,0.75175,1,1.2236859011507395,1.2236859011507395,1.2236859011507395
Pk0+Pk2+Pk4,kmin-0.0_kmax-0.4,k<0.4,11,3.007,0.75175,1,1.3402210386811049,1.3402210386811049,1.3402210386811049
Pk0+Pk2+Pk4,kmin-0.0_kmax-0.4,k<0.4,12,3.75875,0.75175,1,1.4184237748655288,1.4184237748655288,1.4184237748655288
Pk0+Pk2+Pk4,kmin-0.0_kmax-0.4,k<0.4,13,4.5105,0.75175,1,1.9064706396410458,1.9064706396410458,1.9064706396410458
Pk0+Pk2+Pk4,kmin-0.0_kmax-0.4,k<0.4,14,0.0,1.5035,1,1.0980855329249297,1.0980855329249297,1.0980855329249297
Pk0+Pk2+Pk4,kmin-0.0_kmax-0.4,k<0.4,15,0.75175,1.5035,1,1.11645755209778,1.11645755209778,1.11645755209778
Pk0+Pk2+Pk4,kmin-0.0_kmax-0.4,k<0.4,16,1.5035,1.5035,1,1.0802628150361813,1.0802628150361813,1.0802628150361813
Pk0+Pk2+Pk4,kmin-0.0_kmax-0.4,k<0.4,17,2.25525,1.5035,1,1.2807237840476962,1.2807237840476962,1.2807237840476962
Pk0+Pk2+Pk4,kmin-0.0_kmax-0.4,k<0.4,18,3.007,1.5035,1,1.2245919748935856,1.2245919748935856,1.2245919748935856
Pk0+Pk2+Pk4,kmin-0.0_kmax-0.4,k<0.4,19,3.75875,1.5035,1,1.7173954962527602,1.7173954962527602,1.7173954962527602
Pk0+Pk2+Pk4,kmin-0.0_kmax-0.4,k<0.4,20,4.5105,1.5035,1,1.9214644711123312,1.9214644711123312,1.9214644711123312
Pk0+Pk2+Pk4,kmin-0.0_kmax-0.4,k<0.4,21,0.0,2.25525,1,1.00607620119313,1.00607620119313,1.00607620119313
Pk0+Pk2+Pk4,kmin-0.0_kmax-0.4,k<0.4,22,0.75175,2.25525,1,1.0119911797540064,1.0119911797540064,1.0119911797540064
Pk0+Pk2+Pk4,kmin-0.0_kmax-0.4,k<0.4,23,1.5035,2.25525,1,1.0353237166729685,1.0353237166729685,1.0353237166729685
Pk0+Pk2+Pk4,kmin-0.0_kmax-0.4,k<0.4,24,2.25525,2.25525,1,1.226967191275795,1.226967191275795,1.226967191275795
Pk0+Pk2+Pk4,kmin-0.0_kmax-0.4,k<0.4,25,3.007,2.25525,1,1.5637068661848723,1.5637068661848723,1.5637068661848723
Pk0+Pk2+Pk4,kmin-0.0_kmax-0.4,k<0.4,26,3.75875,2.25525,1,1.7544148394735948,1.7544148394735948,1.7544148394735948
Pk0+Pk2+Pk4,kmin-0.0_kmax-0.4,k<0.4,27,4.5105,2.25525,1,1.8419681223197122,1.8419681223197122,1.8419681223197122
Pk0+Pk2+Pk4,kmin-0.0_kmax-0.4,k<0.4,28,0.0,3.007,1,0.7400233255712134,0.7400233255712134,0.7400233255712134
Pk0+Pk2+Pk4,kmin-0.0_kmax-0.4,k<0.4,29,0.75175,3.007,1,0.7833946419660042,0.7833946419660042,0.7833946419660042
Pk0+Pk2+Pk4,kmin-0.0_kmax-0.4,k<0.4,30,1.5035,3.007,1,1.3023315368321198,1.3023315368321198,1.3023315368321198
Pk0+Pk2+Pk4,kmin-0.0_kmax-0.4,k<0.4,31,2.25525,3.007,1,1.4469658019739726,1.4469658019739726,1.4469658019739726
Pk0+Pk2+Pk4,kmin-0.0_kmax-0.4,k<0.4,32,3.007,3.007,1,1.5533268358657106,1.5533268358657106,1.5533268358657106
Pk0+Pk2+Pk4,kmin-0.0_kmax-0.4,k<0.4,33,3.75875,3.007,1,1.6076642107125225,1.6076642107125225,1.6076642107125225
Pk0+Pk2+Pk4,kmin-0.0_kmax-0.4,k<0.4,34,4.5105,3.007,1,1.8102121237231275,1.8102121237231275,1.8102121237231275
Pk0+Pk2+Pk4,kmin-0.0_kmax-0.4,k<0.4,35,0.0,3.75875,1,0.816234586729452,0.816234586729452,0.816234586729452
Pk0+Pk2+Pk4,kmin-0.0_kmax-0.4,k<0.4,36,0.75175,3.75875,1,1.0882773256880245,1.0882773256880245,1.0882773256880245
Pk0+Pk2+Pk4,kmin-0.0_kmax-0.4,k<0.4,37,1.5035,3.75875,1,1.1739347487780578,1.1739347487780578,1.1739347487780578
Pk0+Pk2+Pk4,kmin-0.0_kmax-0.4,k<0.4,38,2.25525,3.75875,1,1.308220566359718,1.308220566359718,1.308220566359718
Pk0+Pk2+Pk4,kmin-0.0_kmax-0.4,k<0.4,39,3.007,3.75875,1,1.4042172503045685,1.4042172503045685,1.4042172503045685
Pk0+Pk2+Pk4,kmin-0.0_kmax-0.4,k<0.4,40,3.75875,3.75875,1,1.5155494557581408,1.5155494557581408,1.5155494557581408
Pk0+Pk2+Pk4,kmin-0.0_kmax-0.4,k<0.4,41,4.5105,3.75875,1,1.440087031630017,1.440087031630017,1.440087031630017
Pk0+Pk2+Pk4,kmin-0.0_kmax-0.4,k<0.4,42,0.0,4.5105,1,1.2948300433535194,1.2948300433535194,1.2948300433535194
Pk0+Pk2+Pk4,kmin-0.0_kmax-0.4,k<0.4,43,0.75175,4.5105,1,1.25796615827391,1.25796615827391,1.25796615827391
Pk0+Pk2+Pk4,kmin-0.0_kmax-0.4,k<0.4,44,1.5035,4.5105,1,1.4072778346526624,1.4072778346526624,1.4072778346526624
Pk0+Pk2+Pk4,kmin-0.0_kmax-0.4,k<0.4,45,2.25525,4.5105,1,1.1576675156457634,1.1576675156457634,1.1576675156457634
Pk0+Pk2+Pk4,kmin-0.0_kmax-0.4,k<0.4,46,3.007,4.5105,1,1.3072592923062,1.3072592923062,1.3072592923062
Pk0+Pk2+Pk4,kmin-0.0_kmax-0.4,k<0.4,47,3.75875,4.5105,1,1.5437703990106573,1.5437703990106573,1.5437703990106573
Pk0+Pk2+Pk4,kmin-0.0_kmax-0.4,k<0.4,48,4.5105,4.5105,1,1.567924751645844,1.567924751645844,1.567924751645844
Pk0+Pk2+Pk4,kmin-0.0_kmax-0.6,k<0.6,0,0.0,0.0,1,0.6606036186691322,0.6606036186691322,0.6606036186691322
Pk0+Pk2+Pk4,kmin-0.0_kmax-0.6,k<0.6,1,0.75175,0.0,1,0.6509334329085458,0.6509334329085458,0.6509334329085458
Pk0+Pk2+Pk4,kmin-0.0_kmax-0.6,k<0.6,2,1.5035,0.0,1,0.6128970090097966,0.6128970090097966,0.6128970090097966
Pk0+Pk2+Pk4,kmin-0.0_kmax-0.6,k<0.6,3,2.25525,0.0,1,0.6502691367105955,0.6502691367105955,0.6502691367105955
Pk0+Pk2+Pk4,kmin-0.0_kmax-0.6,k<0.6,4,3.007,0.0,1,0.7053359002446254,0.7053359002446254,0.7053359002446254
Pk0+Pk2+Pk4,kmin-0.0_kmax-0.6,k<0.6,5,3.75875,0.0,1,0.9474194319543882,0.9474194319543882,0.9474194319543882
Pk0+Pk2+Pk4,kmin-0.0_kmax-0.6,k<0.6,6,4.5105,0.0,1,1.2219144361103746,1.2219144361103746,1.2219144361103746
Pk0+Pk2+Pk4,kmin-0.0_kmax-0.6,k<0.6,7,0.0,0.75175,1,0.6330826012050563,0.6330826012050563,0.6330826012050563
Pk0+Pk2+Pk4,kmin-0.0_kmax-0.6,k<0.6,8,0.75175,0.75175,1,0.6466160469784251,0.6466160469784251,0.6466160469784251
Pk0+Pk2+Pk4,kmin-0.0_kmax-0.6,k<0.6,9,1.5035,0.75175,1,0.6258269063755642,0.6258269063755642,0.6258269063755642
Pk0+Pk2+Pk4,kmin-0.0_kmax-0.6,k<0.6,10,2.25525,0.75175,1,0.6549246271670784,0.6549246271670784,0.6549246271670784
Pk0+Pk2+Pk4,kmin-0.0_kmax-0.6,k<0.6,11,3.007,0.75175,1,0.7701277477787826,0.7701277477787826,0.7701277477787826
Pk0+Pk2+Pk4,kmin-0.0_kmax-0.6,k<0.6,12,3.75875,0.75175,1,0.8934137292569394,0.8934137292569394,0.8934137292569394
Pk0+Pk2+Pk4,kmin-0.0_kmax-0.6,k<0.6,13,4.5105,0.75175,1,1.1914227863527183,1.1914227863527183,1.1914227863527183
Pk0+Pk2+Pk4,kmin-0.0_kmax-0.6,k<0.6,14,0.0,1.5035,1,0.6340882874080316,0.6340882874080316,0.6340882874080316
Pk0+Pk2+Pk4,kmin-0.0_kmax-0.6,k<0.6,15,0.75175,1.5035,1,0.5712584678217274,0.5712584678217274,0.5712584678217274
Pk0+Pk2+Pk4,kmin-0.0_kmax-0.6,k<0.6,16,1.5035,1.5035,1,0.6122201765365433,0.6122201765365433,0.6122201765365433
Pk0+Pk2+Pk4,kmin-0.0_kmax-0.6,k<0.6,17,2.25525,1.5035,1,0.7021911006097264,0.7021911006097264,0.7021911006097264
Pk0+Pk2+Pk4,kmin-0.0_kmax-0.6,k<0.6,18,3.007,1.5035,1,0.7224870604781927,0.7224870604781927,0.7224870604781927
Pk0+Pk2+Pk4,kmin-0.0_kmax-0.6,k<0.6,19,3.75875,1.5035,1,1.0163852284803776,1.0163852284803776,1.0163852284803776
Pk0+Pk2+Pk4,kmin-0.0_kmax-0.6,k<0.6,20,4.5105,1.5035,1,1.2407573237993732,1.2407573237993732,1.2407573237993732
Pk0+Pk2+Pk4,kmin-0.0_kmax-0.6,k<0.6,21,0.0,2.25525,1,0.6278153909086504,0.6278153909086504,0.6278153909086504
Pk0+Pk2+Pk4,kmin-0.0_kmax-0.6,k<0.6,22,0.75175,2.25525,1,0.5771780699815082,0.5771780699815082,0.5771780699815082
Pk0+Pk2+Pk4,kmin-0.0_kmax-0.6,k<0.6,23,1.5035,2.25525,1,0.6001416818295277,0.6001416818295277,0.6001416818295277
Pk0+Pk2+Pk4,kmin-0.0_kmax-0.6,k<0.6,24,2.25525,2.25525,1,0.7677468311979193,0.7677468311979193,0.7677468311979193
Pk0+Pk2+Pk4,kmin-0.0_kmax-0.6,k<0.6,25,3.007,2.25525,1,0.913521491706952,0.913521491706952,0.913521491706952
Pk0+Pk2+Pk4,kmin-0.0_kmax-0.6,k<0.6,26,3.75875,2.25525,1,1.075004489306973,1.075004489306973,1.075004489306973
Pk0+Pk2+Pk4,kmin-0.0_kmax-0.6,k<0.6,27,4.5105,2.25525,1,1.2267696414134388,1.2267696414134388,1.2267696414134388
Pk0+Pk2+Pk4,kmin-0.0_kmax-0.6,k<0.6,28,0.0,3.007,1,0.6820690809241777,0.6820690809241777,0.6820690809241777
Pk0+Pk2+Pk4,kmin-0.0_kmax-0.6,k<0.6,29,0.75175,3.007,1,0.6954197919791968,0.6954197919791968,0.6954197919791968
Pk0+Pk2+Pk4,kmin-0.0_kmax-0.6,k<0.6,30,1.5035,3.007,1,0.7311258346303718,0.7311258346303718,0.7311258346303718
Pk0+Pk2+Pk4,kmin-0.0_kmax-0.6,k<0.6,31,2.25525,3.007,1,0.8392322266031388,0.8392322266031388,0.8392322266031388
Pk0+Pk2+Pk4,kmin-0.0_kmax-0.6,k<0.6,32,3.007,3.007,1,0.8295950450179652,0.8295950450179652,0.8295950450179652
Pk0+Pk2+Pk4,kmin-0.0_kmax-0.6,k<0.6,33,3.75875,3.007,1,0.9432399812460892,0.9432399812460892,0.9432399812460892
Pk0+Pk2+Pk4,kmin-0.0_kmax-0.6,k<0.6,34,4.5105,3.007,1,1.1363244987794743,1.1363244987794743,1.1363244987794743
Pk0+Pk2+Pk4,kmin-0.0_kmax-0.6,k<0.6,35,0.0,3.75875,1,0.7740618236186361,0.7740618236186361,0.7740618236186361
Pk0+Pk2+Pk4,kmin-0.0_kmax-0.6,k<0.6,36,0.75175,3.75875,1,0.8120743917482467,0.8120743917482467,0.8120743917482467
Pk0+Pk2+Pk4,kmin-0.0_kmax-0.6,k<0.6,37,1.5035,3.75875,1,0.9379551404012026,0.9379551404012026,0.9379551404012026
Pk0+Pk2+Pk4,kmin-0.0_kmax-0.6,k<0.6,38,2.25525,3.75875,1,0.9301887292705312,0.9301887292705312,0.9301887292705312
Pk0+Pk2+Pk4,kmin-0.0_kmax-0.6,k<0.6,39,3.007,3.75875,1,0.7487974763703977,0.7487974763703977,0.7487974763703977
Pk0+Pk2+Pk4,kmin-0.0_kmax-0.6,k<0.6,40,3.75875,3.75875,1,0.9463109142283425,0.9463109142283425,0.9463109142283425
Pk0+Pk2+Pk4,kmin-0.0_kmax-0.6,k<0.6,41,4.5105,3.75875,1,1.0829257508277876,1.0829257508277876,1.0829257508277876
Pk0+Pk2+Pk4,kmin-0.0_kmax-0.6,k<0.6,42,0.0,4.5105,1,1.0979094957995144,1.0979094957995144,1.0979094957995144
Pk0+Pk2+Pk4,kmin-0.0_kmax-0.6,k<0.6,43,0.75175,4.5105,1,1.3516639390954384,1.3516639390954384,1.3516639390954384
Pk0+Pk2+Pk4,kmin-0.0_kmax-0.6,k<0.6,44,1.5035,4.5105,1,1.2099186908314656,1.2099186908314656,1.2099186908314656
Pk0+Pk2+Pk4,kmin-0.0_kmax-0.6,k<0.6,45,2.25525,4.5105,1,1.1228597881509188,1.1228597881509188,1.1228597881509188
Pk0+Pk2+Pk4,kmin-0.0_kmax-0.6,k<0.6,46,3.007,4.5105,1,1.3936955092166634,1.3936955092166634,1.3936955092166634
Pk0+Pk2+Pk4,kmin-0.0_kmax-0.6,k<0.6,47,3.75875,4.5105,1,1.1229324033158394,1.1229324033158394,1.1229324033158394
Pk0+Pk2+Pk4,kmin-0.0_kmax-0.6,k<0.6,48,4.5105,4.5105,1,0.9435640655579939,0.9435640655579939,0.9435640655579939
Pk0+Pk2+Pk4+Bk0,kmin-0.0_kmax-Bk=0.2__Pk=0.2,"Pk<0.2, Bk<0.2",0,0.0,0.0,1,1.148203867498011,1.148203867498011,1.148203867498011
Pk0+Pk2+Pk4+Bk0,kmin-0.0_kmax-Bk=0.2__Pk=0.2,"Pk<0.2, Bk<0.2",1,0.75175,0.0,1,1.2436750097114628,1.2436750097114628,1.2436750097114628
Pk0+Pk2+Pk4+Bk0,kmin-0.0_kmax-Bk=0.2__Pk=0.2,"Pk<0.2, Bk<0.2",2,1.5035,0.0,1,1.215841632401984,1.215841632401984,1.215841632401984
Pk0+Pk2+Pk4+Bk0,kmin-0.0_kmax-Bk=0.2__Pk=0.2,"Pk<0.2, Bk<0.2",3,2.25525,0.0,1,1.2729933026335234,1.2729933026335234,1.2729933026335234
Pk0+Pk2+Pk4+Bk0,kmin-0.0_kmax-Bk=0.2__Pk=0.2,"Pk<0.2, Bk<0.2",4,3.007,0.0,1,1.303203938571866,1.303203938571866,1.303203938571866
Pk0+Pk2+Pk4+Bk0,kmin-0.0_kmax-Bk=0.2__Pk=0.2,"Pk<0.2, Bk<0.2",5,3.75875,0.0,1,1.43527288028769,1.43527288028769,1.43527288028769
Pk0+Pk2+Pk4+Bk0,kmin-0.0_kmax-Bk=0.2__Pk=0.2,"Pk<0.2, Bk<0.2",6,4.5105,0.0,1,2.0211624596849913,2.0211624596849913,2.0211624596849913
Pk0+Pk2+Pk4+Bk0,kmin-0.0_kmax-Bk=0.2__Pk=0.2,"Pk<0.2, Bk<0.2",7,0.0,0.75175,1,1.2363920061525089,1.2363920061525089,1.2363920061525089
Pk0+Pk2+Pk4+Bk0,kmin-0.0_kmax-Bk=0.2__Pk=0.2,"Pk<0.2, Bk<0.2",8,0.75175,0.75175,1,1.1979198910519726,1.1979198910519726,1.1979198910519726
Pk0+Pk2+Pk4+Bk0,kmin-0.0_kmax-Bk=0.2__Pk=0.2,"Pk<0.2, Bk<0.2",9,1.5035,0.75175,1,1.182893638788804,1.182893638788804,1.182893638788804
Pk0+Pk2+Pk4+Bk0,kmin-0.0_kmax-Bk=0.2__Pk=0.2,"Pk<0.2, Bk<0.2",10,2.25525,0.75175,1,1.1813278656683173,1.1813278656683173,1.1813278656683173
Pk0+Pk2+Pk4+Bk0,kmin-0.0_kmax-Bk=0.2__Pk=0.2,"Pk<0.2, Bk<0.2",11,3.007,0.75175,1,1.2810685257009795,1.2810685257009795,1.2810685257009795
Pk0+Pk2+Pk4+Bk0,kmin-0.0_kmax-Bk=0.2__Pk=0.2,"Pk<0.2, Bk<0.2",12,3.75875,0.75175,1,1.45767832144983,1.45767832144983,1.45767832144983
Pk0+Pk2+Pk4+Bk0,kmin-0.0_kmax-Bk=0.2__Pk=0.2,"Pk<0.2, Bk<0.2",13,4.5105,0.75175,1,2.040438186853331,2.040438186853331,2.040438186853331
Pk0+Pk2+Pk4+Bk0,kmin-0.0_kmax-Bk=0.2__Pk=0.2,"Pk<0.2, Bk<0.2",14,0.0,1.5035,1,1.0705895287990435,1.0705895287990435,1.0705895287990435
Pk0+Pk2+Pk4+Bk0,kmin-0.0_kmax-Bk=0.2__Pk=0.2,"Pk<0.2, Bk<0.2",15,0.75175,1.5035,1,1.0697788407439746,1.0697788407439746,1.0697788407439746
Pk0+Pk2+Pk4+Bk0,kmin-0.0_kmax-Bk=0.2__Pk=0.2,"Pk<0.2, Bk<0.2",16,1.5035,1.5035,1,1.064926730435139,1.064926730435139,1.064926730435139
Pk0+Pk2+Pk4+Bk0,kmin-0.0_kmax-Bk=0.2__Pk=0.2,"Pk<0.2, Bk<0.2",17,2.25525,1.5035,1,1.3832230092603603,1.3832230092603603,1.3832230092603603
Pk0+Pk2+Pk4+Bk0,kmin-0.0_kmax-Bk=0.2__Pk=0.2,"Pk<0.2, Bk<0.2",18,3.007,1.5035,1,1.1200792246796776,1.1200792246796776,1.1200792246796776
Pk0+Pk2+Pk4+Bk0,kmin-0.0_kmax-Bk=0.2__Pk=0.2,"Pk<0.2, Bk<0.2",19,3.75875,1.5035,1,1.8339500987156239,1.8339500987156239,1.8339500987156239
Pk0+Pk2+Pk4+Bk0,kmin-0.0_kmax-Bk=0.2__Pk=0.2,"Pk<0.2, Bk<0.2",20,4.5105,1.5035,1,1.8505817652053944,1.8505817652053944,1.8505817652053944
Pk0+Pk2+Pk4+Bk0,kmin-0.0_kmax-Bk=0.2__Pk=0.2,"Pk<0.2, Bk<0.2",21,0.0,2.25525,1,0.9899191946985725,0.9899191946985725,0.9899191946985725
Pk0+Pk2+Pk4+Bk0,kmin-0.0_kmax-Bk=0.2__Pk=0.2,"Pk<0.2, Bk<0.2",22,0.75175,2.25525,1,1.0220272655895468,1.0220272655895468,1.0220272655895468
Pk0+Pk2+Pk4+Bk0,kmin-0.0_kmax-Bk=0.2__Pk=0.2,"Pk<0.2, Bk<0.2",23,1.5035,2.25525,1,0.9309669350057254,0.9309669350057254,0.9309669350057254
Pk0+Pk2+Pk4+Bk0,kmin-0.0_kmax-Bk=0.2__Pk=0.2,"Pk<0.2, Bk<0.2",24,2.25525,2.25525,1,1.0570395225034572,1.0570395225034572,1.0570395225034572
Pk0+Pk2+Pk4+Bk0,kmin-0.0_kmax-Bk=0.2__Pk=0.2,"Pk<0.2, Bk<0.2",25,3.007,2.25525,1,1.4247380716641462,1.4247380716641462,1.4247380716641462
Pk0+Pk2+Pk4+Bk0,kmin-0.0_kmax-Bk=0.2__Pk=0.2,"Pk<0.2, Bk<0.2",26,3.75875,2.25525,1,1.4981623492631948,1.4981623492631948,1.4981623492631948
Pk0+Pk2+Pk4+Bk0,kmin-0.0_kmax-Bk=0.2__Pk=0.2,"Pk<0.2, Bk<0.2",27,4.5105,2.25525,1,1.5559105875009522,1.5559105875009522,1.5559105875009522
Pk0+Pk2+Pk4+Bk0,kmin-0.0_kmax-Bk=0.2__Pk=0.2,"Pk<0.2, Bk<0.2",28,0.0,3.007,1,0.8927704655019731,0.8927704655019731,0.8927704655019731
Pk0+Pk2+Pk4+Bk0,kmin-0.0_kmax-Bk=0.2__Pk=0.2,"Pk<0.2, Bk<0.2",29,0.75175,3.007,1,0.94778467174764,0.94778467174764,0.94778467174764
Pk0+Pk2+Pk4+Bk0,kmin-0.0_kmax-Bk=0.2__Pk=0.2,"Pk<0.2, Bk<0.2",30,1.5035,3.007,1,1.0350889339427112,1.0350889339427112,1.0350889339427112
Pk0+Pk2+Pk4+Bk0,kmin-0.0_kmax-Bk=0.2__Pk=0.2,"Pk<0.2, Bk<0.2",31,2.25525,3.007,1,1.1950424456690711,1.1950424456690711,1.1950424456690711
Pk0+Pk2+Pk4+Bk0,kmin-0.0_kmax-Bk=0.2__Pk=0.2,"Pk<0.2, Bk<0.2",32,3.007,3.007,1,1.2361945827270084,1.2361945827270084,1.2361945827270084
Pk0+Pk2+Pk4+Bk0,kmin-0.0_kmax-Bk=0.2__Pk=0.2,"Pk<0.2, Bk<0.2",33,3.75875,3.007,1,1.247653228234023,1.247653228234023,1.247653228234023
Pk0+Pk2+Pk4+Bk0,kmin-0.0_kmax-Bk=0.2__Pk=0.2,"Pk<0.2, Bk<0.2",34,4.5105,3.007,1,1.314362367370179,1.314362367370179,1.314362367370179
Pk0+Pk2+Pk4+Bk0,kmin-0.0_kmax-Bk=0.2__Pk=0.2,"Pk<0.2, Bk<0.2",35,0.0,3.75875,1,1.1070767341391432,1.1070767341391432,1.1070767341391432
Pk0+Pk2+Pk4+Bk0,kmin-0.0_kmax-Bk=0.2__Pk=0.2,"Pk<0.2, Bk<0.2",36,0.75175,3.75875,1,1.153440904994407,1.153440904994407,1.153440904994407
Pk0+Pk2+Pk4+Bk0,kmin-0.0_kmax-Bk=0.2__Pk=0.2,"Pk<0.2, Bk<0.2",37,1.5035,3.75875,1,1.1172177421463656,1.1172177421463656,1.1172177421463656
Pk0+Pk2+Pk4+Bk0,kmin-0.0_kmax-Bk=0.2__Pk=0.2,"Pk<0.2, Bk<0.2",38,2.25525,3.75875,1,1.2128437228954296,1.2128437228954296,1.2128437228954296
Pk0+Pk2+Pk4+Bk0,kmin-0.0_kmax-Bk=0.2__Pk=0.2,"Pk<0.2, Bk<0.2",39,3.007,3.75875,1,1.215834426837928,1.215834426837928,1.215834426837928
Pk0+Pk2+Pk4+Bk0,kmin-0.0_kmax-Bk=0.2__Pk=0.2,"Pk<0.2, Bk<0.2",40,3.75875,3.75875,1,1.2510691926509474,1.2510691926509474,1.2510691926509474
Pk0+Pk2+Pk4+Bk0,kmin-0.0_kmax-Bk=0.2__Pk=0.2,"Pk<0.2, Bk<0.2",41,4.5105,3.75875,1,1.2739890544294388,1.2739890544294388,1.2739890544294388
Pk0+Pk2+Pk4+Bk0,kmin-0.0_kmax-Bk=0.2__Pk=0.2,"Pk<0.2, Bk<0.2",42,0.0,4.5105,1,1.0594140810502597,1.0594140810502597,1.0594140810502597
Pk0+Pk2+Pk4+Bk0,kmin-0.0_kmax-Bk=0.2__Pk=0.2,"Pk<0.2, Bk<0.2",43,0.75175,4.5105,1,1.1070389333739945,1.1070389333739945,1.1070389333739945
Pk0+Pk2+Pk4+Bk0,kmin-0.0_kmax-Bk=0.2__Pk=0.2,"Pk<0.2, Bk<0.2",44,1.5035,4.5105,1,1.0917906264644046,1.0917906264644046,1.0917906264644046
Pk0+Pk2+Pk4+Bk0,kmin-0.0_kmax-Bk=0.2__Pk=0.2,"Pk<0.2, Bk<0.2",45,2.25525,4.5105,1,1.0080810427402118,1.0080810427402118,1.0080810427402118
Pk0+Pk2+Pk4+Bk0,kmin-0.0_kmax-Bk=0.2__Pk=0.2,"Pk<0.2, Bk<0.2",46,3.007,4.5105,1,1.0742440983578236,1.0742440983578236,1.0742440983578236
Pk0+Pk2+Pk4+Bk0,kmin-0.0_kmax-Bk=0.2__Pk=0.2,"Pk<0.2, Bk<0.2",47,3.75875,4.5105,1,1.1467083199730095,1.1467083199730095,1.1467083199730095
Pk0+Pk2+Pk4+Bk0,kmin-0.0_kmax-Bk=0.2__Pk=0.2,"Pk<0.2, Bk<0.2",48,4.5105,4.5105,1,1.3051938754256767,1.3051938754256767,1.3051938754256767
Pk0+Pk2+Pk4+Bk0,kmin-0.0_kmax-Bk=0.2__Pk=0.4,"Pk<0.4, Bk<0.2",0,0.0,0.0,1,1.134136518175343,1.134136518175343,1.134136518175343
Pk0+Pk2+Pk4+Bk0,kmin-0.0_kmax-Bk=0.2__Pk=0.4,"Pk<0.4, Bk<0.2",1,0.75175,0.0,1,1.1079540762169342,1.1079540762169342,1.1079540762169342
Pk0+Pk2+Pk4+Bk0,kmin-0.0_kmax-Bk=0.2__Pk=0.4,"Pk<0.4, Bk<0.2",2,1.5035,0.0,1,1.1389540797479538,1.1389540797479538,1.1389540797479538
Pk0+Pk2+Pk4+Bk0,kmin-0.0_kmax-Bk=0.2__Pk=0.4,"Pk<0.4, Bk<0.2",3,2.25525,0.0,1,1.1467617477500938,1.1467617477500938,1.1467617477500938
Pk0+Pk2+Pk4+Bk0,kmin-0.0_kmax-Bk=0.2__Pk=0.4,"Pk<0.4, Bk<0.2",4,3.007,0.0,1,1.1446577552517336,1.1446577552517336,1.1446577552517336
Pk0+Pk2+Pk4+Bk0,kmin-0.0_kmax-Bk=0.2__Pk=0.4,"Pk<0.4, Bk<0.2",5,3.75875,0.0,1,1.3206004011865593,1.3206004011865593,1.3206004011865593
Pk0+Pk2+Pk4+Bk0,kmin-0.0_kmax-Bk=0.2__Pk=0.4,"Pk<0.4, Bk<0.2",6,4.5105,0.0,1,1.5564434764316,1.5564434764316,1.5564434764316
Pk0+Pk2+Pk4+Bk0,kmin-0.0_kmax-Bk=0.2__Pk=0.4,"Pk<0.4, Bk<0.2",7,0.0,0.75175,1,1.1515471929612908,1.1515471929612908,1.1515471929612908
Pk0+Pk2+Pk4+Bk0,kmin-0.0_kmax-Bk=0.2__Pk=0.4,"Pk<0.4, Bk<0.2",8,0.75175,0.75175,1,1.0973848790905463,1.0973848790905463,1.0973848790905463
Pk0+Pk2+Pk4+Bk0,kmin-0.0_kmax-Bk=0.2__Pk=0.4,"Pk<0.4, Bk<0.2",9,1.5035,0.75175,1,1.1316722309077925,1.1316722309077925,1.1316722309077925
Pk0+Pk2+Pk4+Bk0,kmin-0.0_kmax-Bk=0.2__Pk=0.4,"Pk<0.4, Bk<0.2",10,2.25525,0.75175,1,1.1538827675675263,1.1538827675675263,1.1538827675675263
Pk0+Pk2+Pk4+Bk0,kmin-0.0_kmax-Bk=0.2__Pk=0.4,"Pk<0.4, Bk<0.2",11,3.007,0.75175,1,1.164442722490665,1.164442722490665,1.164442722490665
Pk0+Pk2+Pk4+Bk0,kmin-0.0_kmax-Bk=0.2__Pk=0.4,"Pk<0.4, Bk<0.2",12,3.75875,0.75175,1,1.2775873034474479,1.2775873034474479,1.2775873034474479
Pk0+Pk2+Pk4+Bk0,kmin-0.0_kmax-Bk=0.2__Pk=0.4,"Pk<0.4, Bk<0.2",13,4.5105,0.75175,1,1.4877687105782864,1.4877687105782864,1.4877687105782864
Pk0+Pk2+Pk4+Bk0,kmin-0.0_kmax-Bk=0.2__Pk=0.4,"Pk<0.4, Bk<0.2",14,0.0,1.5035,1,1.227350852865378,1.227350852865378,1.227350852865378
Pk0+Pk2+Pk4+Bk0,kmin-0.0_kmax-Bk=0.2__Pk=0.4,"Pk<0.4, Bk<0.2",15,0.75175,1.5035,1,1.2187844818843867,1.2187844818843867,1.2187844818843867
Pk0+Pk2+Pk4+Bk0,kmin-0.0_kmax-Bk=0.2__Pk=0.4,"Pk<0.4, Bk<0.2",16,1.5035,1.5035,1,1.171353632134973,1.171353632134973,1.171353632134973
Pk0+Pk2+Pk4+Bk0,kmin-0.0_kmax-Bk=0.2__Pk=0.4,"Pk<0.4, Bk<0.2",17,2.25525,1.5035,1,1.1214402624438533,1.1214402624438533,1.1214402624438533
Pk0+Pk2+Pk4+Bk0,kmin-0.0_kmax-Bk=0.2__Pk=0.4,"Pk<0.4, Bk<0.2",18,3.007,1.5035,1,1.131528552426599,1.131528552426599,1.131528552426599
Pk0+Pk2+Pk4+Bk0,kmin-0.0_kmax-Bk=0.2__Pk=0.4,"Pk<0.4, Bk<0.2",19,3.75875,1.5035,1,1.3251304467219962,1.3251304467219962,1.3251304467219962
Pk0+Pk2+Pk4+Bk0,kmin-0.0_kmax-Bk=0.2__Pk=0.4,"Pk<0.4, Bk<0.2",20,4.5105,1.5035,1,1.5433139218049463,1.5433139218049463,1.5433139218049463
Pk0+Pk2+Pk4+Bk0,kmin-0.0_kmax-Bk=0.2__Pk=0.4,"Pk<0.4, Bk<0.2",21,0.0,2.25525,1,1.1610023469102813,1.1610023469102813,1.1610023469102813
Pk0+Pk2+Pk4+Bk0,kmin-0.0_kmax-Bk=0.2__Pk=0.4,"Pk<0.4, Bk<0.2",22,0.75175,2.25525,1,1.2558225481682128,1.2558225481682128,1.2558225481682128
Pk0+Pk2+Pk4+Bk0,kmin-0.0_kmax-Bk=0.2__Pk=0.4,"Pk<0.4, Bk<0.2",23,1.5035,2.25525,1,1.1455725338554037,1.1455725338554037,1.1455725338554037
Pk0+Pk2+Pk4+Bk0,kmin-0.0_kmax-Bk=0.2__Pk=0.4,"Pk<0.4, Bk<0.2",24,2.25525,2.25525,1,1.3083541974586137,1.3083541974586137,1.3083541974586137
Pk0+Pk2+Pk4+Bk0,kmin-0.0_kmax-Bk=0.2__Pk=0.4,"Pk<0.4, Bk<0.2",25,3.007,2.25525,1,1.4350018066047872,1.4350018066047872,1.4350018066047872
Pk0+Pk2+Pk4+Bk0,kmin-0.0_kmax-Bk=0.2__Pk=0.4,"Pk<0.4, Bk<0.2",26,3.75875,2.25525,1,1.4939283694974665,1.4939283694974665,1.4939283694974665
Pk0+Pk2+Pk4+Bk0,kmin-0.0_kmax-Bk=0.2__Pk=0.4,"Pk<0.4, Bk<0.2",27,4.5105,2.25525,1,1.7288315254272217,1.7288315254272217,1.7288315254272217
Pk0+Pk2+Pk4+Bk0,kmin-0.0_kmax-Bk=0.2__Pk=0.4,"Pk<0.4, Bk<0.2",28,0.0,3.007,1,1.389329545015932,1.389329545015932,1.389329545015932
Pk0+Pk2+Pk4+Bk0,kmin-0.0_kmax-Bk=0.2__Pk=0.4,"Pk<0.4, Bk<0.2",29,0.75175,3.007,1,1.462493195849901,1.462493195849901,1.462493195849901
Pk0+Pk2+Pk4+Bk0,kmin-0.0_kmax-Bk=0.2__Pk=0.4,"Pk<0.4, Bk<0.2",30,1.5035,3.007,1,1.2424558888126913,1.2424558888126913,1.2424558888126913
Pk0+Pk2+Pk4+Bk0,kmin-0.0_kmax-Bk=0.2__Pk=0.4,"Pk<0.4, Bk<0.2",31,2.25525,3.007,1,1.4337746415211439,1.4337746415211439,1.4337746415211439
Pk0+Pk2+Pk4+Bk0,kmin-0.0_kmax-Bk=0.2__Pk=0.4,"Pk<0.4, Bk<0.2",32,3.007,3.007,1,1.518849725723592,1.518849725723592,1.518849725723592
Pk0+Pk2+Pk4+Bk0,kmin-0.0_kmax-Bk=0.2__Pk=0.4,"Pk<0.4, Bk<0.2",33,3.75875,3.007,1,1.7812313181277055,1.7812313181277055,1.7812313181277055
Pk0+Pk2+Pk4+Bk0,kmin-0.0_kmax-Bk=0.2__Pk=0.4,"Pk<0.4, Bk<0.2",34,4.5105,3.007,1,1.7931762953827133,1.7931762953827133,1.7931762953827133
Pk0+Pk2+Pk4+Bk0,kmin-0.0_kmax-Bk=0.2__Pk=0.4,"Pk<0.4, Bk<0.2",35,0.0,3.75875,1,1.6257833614274773,1.6257833614274773,1.6257833614274773
Pk0+Pk2+Pk4+Bk0,kmin-0.0_kmax-Bk=0.2__Pk=0.4,"Pk<0.4, Bk<0.2",36,0.75175,3.75875,1,1.7208190119174736,1.7208190119174736,1.7208190119174736
Pk0+Pk2+Pk4+Bk0,kmin-0.0_kmax-Bk=0.2__Pk=0.4,"Pk<0.4, Bk<0.2",37,1.5035,3.75875,1,1.775099014790064,1.775099014790064,1.775099014790064
Pk0+Pk2+Pk4+Bk0,kmin-0.0_kmax-Bk=0.2__Pk=0.4,"Pk<0.4, Bk<0.2",38,2.25525,3.75875,1,1.8215218454443856,1.8215218454443856,1.8215218454443856
Pk0+Pk2+Pk4+Bk0,kmin-0.0_kmax-Bk=0.2__Pk=0.4,"Pk<0.4, Bk<0.2",39,3.007,3.75875,1,1.657965664109917,1.657965664109917,1.657965664109917
Pk0+Pk2+Pk4+Bk0,kmin-0.0_kmax-Bk=0.2__Pk=0.4,"Pk<0.4, Bk<0.2",40,3.75875,3.75875,1,1.8446145946040078,1.8446145946040078,1.8446145946040078
Pk0+Pk2+Pk4+Bk0,kmin-0.0_kmax-Bk=0.2__Pk=0.4,"Pk<0.4, Bk<0.2",41,4.5105,3.75875,1,1.7477457149177626,1.7477457149177626,1.7477457149177626
Pk0+Pk2+Pk4+Bk0,kmin-0.0_kmax-Bk=0.2__Pk=0.4,"Pk<0.4, Bk<0.2",42,0.0,4.5105,1,1.8356988211154264,1.8356988211154264,1.8356988211154264
Pk0+Pk2+Pk4+Bk0,kmin-0.0_kmax-Bk=0.2__Pk=0.4,"Pk<0.4, Bk<0.2",43,0.75175,4.5105,1,1.694303786140233,1.694303786140233,1.694303786140233
Pk0+Pk2+Pk4+Bk0,kmin-0.0_kmax-Bk=0.2__Pk=0.4,"Pk<0.4, Bk<0.2",44,1.5035,4.5105,1,1.7790223700527965,1.7790223700527965,1.7790223700527965
Pk0+Pk2+Pk4+Bk0,kmin-0.0_kmax-Bk=0.2__Pk=0.4,"Pk<0.4, Bk<0.2",45,2.25525,4.5105,1,1.703241733709207,1.703241733709207,1.703241733709207
Pk0+Pk2+Pk4+Bk0,kmin-0.0_kmax-Bk=0.2__Pk=0.4,"Pk<0.4, Bk<0.2",46,3.007,4.5105,1,1.6160328384894778,1.6160328384894778,1.6160328384894778
Pk0+Pk2+Pk4+Bk0,kmin-0.0_kmax-Bk=0.2__Pk=0.4,"Pk<0.4, Bk<0.2",47,3.75875,4.5105,1,1.724321082259662,1.724321082259662,1.724321082259662
Pk0+Pk2+Pk4+Bk0,kmin-0.0_kmax-Bk=0.2__Pk=0.4,"Pk<0.4, Bk<0.2",48,4.5105,4.5105,1,0.7974391710437903,0.7974391710437903,0.7974391710437903
Pk0+Pk2+Pk4+Bk0,kmin-0.0_kmax-Bk=0.4__Pk=0.4,"Pk<0.4, Bk<0.4",0,0.0,0.0,1,0.9391253346967623,0.9391253346967623,0.9391253346967623
Pk0+Pk2+Pk4+Bk0,kmin-0.0_kmax-Bk=0.4__Pk=0.4,"Pk<0.4, Bk<0.4",1,0.75175,0.0,1,0.9112720847939281,0.9112720847939281,0.9112720847939281
Pk0+Pk2+Pk4+Bk0,kmin-0.0_kmax-Bk=0.4__Pk=0.4,"Pk<0.4, Bk<0.4",2,1.5035,0.0,1,0.9756848054055044,0.9756848054055044,0.9756848054055044
Pk0+Pk2+Pk4+Bk0,kmin-0.0_kmax-Bk=0.4__Pk=0.4,"Pk<0.4, Bk<0.4",3,2.25525,0.0,1,1.0573584375026195,1.0573584375026195,1.0573584375026195
Pk0+Pk2+Pk4+Bk0,kmin-0.0_kmax-Bk=0.4__Pk=0.4,"Pk<0.4, Bk<0.4",4,3.007,0.0,1,1.0736380090588185,1.0736380090588185,1.0736380090588185
Pk0+Pk2+Pk4+Bk0,kmin-0.0_kmax-Bk=0.4__Pk=0.4,"Pk<0.4, Bk<0.4",5,3.75875,0.0,1,1.388699174198743,1.388699174198743,1.388699174198743
Pk0+Pk2+Pk4+Bk0,kmin-0.0_kmax-Bk=0.4__Pk=0.4,"Pk<0.4, Bk<0.4",6,4.5105,0.0,1,1.9146331955326363,1.9146331955326363,1.9146331955326363
Pk0+Pk2+Pk4+Bk0,kmin-0.0_kmax-Bk=0.4__Pk=0.4,"Pk<0.4, Bk<0.4",7,0.0,0.75175,1,1.047471331923537,1.047471331923537,1.047471331923537
Pk0+Pk2+Pk4+Bk0,kmin-0.0_kmax-Bk=0.4__Pk=0.4,"Pk<0.4, Bk<0.4",8,0.75175,0.75175,1,1.0326813691676378,1.0326813691676378,1.0326813691676378
Pk0+Pk2+Pk4+Bk0,kmin-0.0_kmax-Bk=0.4__Pk=0.4,"Pk<0.4, Bk<0.4",9,1.5035,0.75175,1,1.0403410595593254,1.0403410595593254,1.0403410595593254
Pk0+Pk2+Pk4+Bk0,kmin-0.0_kmax-Bk=0.4__Pk=0.4,"Pk<0.4, Bk<0.4",10,2.25525,0.75175,1,1.02573968559862,1.02573968559862,1.02573968559862
Pk0+Pk2+Pk4+Bk0,kmin-0.0_kmax-Bk=0.4__Pk=0.4,"Pk<0.4, Bk<0.4",11,3.007,0.75175,1,1.1597544375273985,1.1597544375273985,1.1597544375273985
Pk0+Pk2+Pk4+Bk0,kmin-0.0_kmax-Bk=0.4__Pk=0.4,"Pk<0.4, Bk<0.4",12,3.75875,0.75175,1,1.3321175357290078,1.3321175357290078,1.3321175357290078
Pk0+Pk2+Pk4+Bk0,kmin-0.0_kmax-Bk=0.4__Pk=0.4,"Pk<0.4, Bk<0.4",13,4.5105,0.75175,1,1.8320610306837313,1.8320610306837313,1.8320610306837313
Pk0+Pk2+Pk4+Bk0,kmin-0.0_kmax-Bk=0.4__Pk=0.4,"Pk<0.4, Bk<0.4",14,0.0,1.5035,1,1.5178280453278978,1.5178280453278978,1.5178280453278978
Pk0+Pk2+Pk4+Bk0,kmin-0.0_kmax-Bk=0.4__Pk=0.4,"Pk<0.4, Bk<0.4",15,0.75175,1.5035,1,1.6345856337151947,1.6345856337151947,1.6345856337151947
Pk0+Pk2+Pk4+Bk0,kmin-0.0_kmax-Bk=0.4__Pk=0.4,"Pk<0.4, Bk<0.4",16,1.5035,1.5035,1,1.3883580631794092,1.3883580631794092,1.3883580631794092
Pk0+Pk2+Pk4+Bk0,kmin-0.0_kmax-Bk=0.4__Pk=0.4,"Pk<0.4, Bk<0.4",17,2.25525,1.5035,1,1.263998840314892,1.263998840314892,1.263998840314892
Pk0+Pk2+Pk4+Bk0,kmin-0.0_kmax-Bk=0.4__Pk=0.4,"Pk<0.4, Bk<0.4",18,3.007,1.5035,1,1.2782942422259207,1.2782942422259207,1.2782942422259207
Pk0+Pk2+Pk4+Bk0,kmin-0.0_kmax-Bk=0.4__Pk=0.4,"Pk<0.4, Bk<0.4",19,3.75875,1.5035,1,1.644998226663073,1.644998226663073,1.644998226663073
Pk0+Pk2+Pk4+Bk0,kmin-0.0_kmax-Bk=0.4__Pk=0.4,"Pk<0.4, Bk<0.4",20,4.5105,1.5035,1,1.7596522954917275,1.7596522954917275,1.7596522954917275
Pk0+Pk2+Pk4+Bk0,kmin-0.0_kmax-Bk=0.4__Pk=0.4,"Pk<0.4, Bk<0.4",21,0.0,2.25525,1,2.0016793159209727,2.0016793159209727,2.0016793159209727
Pk0+Pk2+Pk4+Bk0,kmin-0.0_kmax-Bk=0.4__Pk=0.4,"Pk<0.4, Bk<0.4",22,0.75175,2.25525,1,2.071621587797369,2.071621587797369,2.071621587797369
Pk0+Pk2+Pk4+Bk0,kmin-0.0_kmax-Bk=0.4__Pk=0.4,"Pk<0.4, Bk<0.4",23,1.5035,2.25525,1,1.8343172263223622,1.8343172263223622,1.8343172263223622
Pk0+Pk2+Pk4+Bk0,kmin-0.0_kmax-Bk=0.4__Pk=0.4,"Pk<0.4, Bk<0.4",24,2.25525,2.25525,1,1.3303410424396873,1.3303410424396873,1.3303410424396873
Pk0+Pk2+Pk4+Bk0,kmin-0.0_kmax-Bk=0.4__Pk=0.4,"Pk<0.4, Bk<0.4",25,3.007,2.25525,1,1.2780175522273094,1.2780175522273094,1.2780175522273094
Pk0+Pk2+Pk4+Bk0,kmin-0.0_kmax-Bk=0.4__Pk=0.4,"Pk<0.4, Bk<0.4",26,3.75875,2.25525,1,1.1490504364474887,1.1490504364474887,1.1490504364474887
Pk0+Pk2+Pk4+Bk0,kmin-0.0_kmax-Bk=0.4__Pk=0.4,"Pk<0.4, Bk<0.4",27,4.5105,2.25525,1,1.1929859535622607,1.1929859535622607,1.1929859535622607
Pk0+Pk2+Pk4+Bk0,kmin-0.0_kmax-Bk=0.4__Pk=0.4,"Pk<0.4, Bk<0.4",28,0.0,3.007,1,1.4910124044512432,1.4910124044512432,1.4910124044512432
Pk0+Pk2+Pk4+Bk0,kmin-0.0_kmax-Bk=0.4__Pk=0.4,"Pk<0.4, Bk<0.4",29,0.75175,3.007,1,1.650448394297047,1.650448394297047,1.650448394297047
Pk0+Pk2+Pk4+Bk0,kmin-0.0_kmax-Bk=0.4__Pk=0.4,"Pk<0.4, Bk<0.4",30,1.5035,3.007,1,1.4572848412494397,1.4572848412494397,1.4572848412494397
Pk0+Pk2+Pk4+Bk0,kmin-0.0_kmax-Bk=0.4__Pk=0.4,"Pk<0.4, Bk<0.4",31,2.25525,3.007,1,1.517053389104113,1.517053389104113,1.517053389104113
Pk0+Pk2+Pk4+Bk0,kmin-0.0_kmax-Bk=0.4__Pk=0.4,"Pk<0.4, Bk<0.4",32,3.007,3.007,1,1.5122882519404055,1.5122882519404055,1.5122882519404055
Pk0+Pk2+Pk4+Bk0,kmin-0.0_kmax-Bk=0.4__Pk=0.4,"Pk<0.4, Bk<0.4",33,3.75875,3.007,1,1.4121847236069258,1.4121847236069258,1.4121847236069258
Pk0+Pk2+Pk4+Bk0,kmin-0.0_kmax-Bk=0.4__Pk=0.4,"Pk<0.4, Bk<0.4",34,4.5105,3.007,1,1.3281700483780619,1.3281700483780619,1.3281700483780619
Pk0+Pk2+Pk4+Bk0,kmin-0.0_kmax-Bk=0.4__Pk=0.4,"Pk<0.4, Bk<0.4",35,0.0,3.75875,1,1.623807932349269,1.623807932349269,1.623807932349269
Pk0+Pk2+Pk4+Bk0,kmin-0.0_kmax-Bk=0.4__Pk=0.4,"Pk<0.4, Bk<0.4",36,0.75175,3.75875,1,1.6925653978636583,1.6925653978636583,1.6925653978636583
Pk0+Pk2+Pk4+Bk0,kmin-0.0_kmax-Bk=0.4__Pk=0.4,"Pk<0.4, Bk<0.4",37,1.5035,3.75875,1,1.6860175381470774,1.6860175381470774,1.6860175381470774
Pk0+Pk2+Pk4+Bk0,kmin-0.0_kmax-Bk=0.4__Pk=0.4,"Pk<0.4, Bk<0.4",38,2.25525,3.75875,1,1.7440829039127264,1.7440829039127264,1.7440829039127264
Pk0+Pk2+Pk4+Bk0,kmin-0.0_kmax-Bk=0.4__Pk=0.4,"Pk<0.4, Bk<0.4",39,3.007,3.75875,1,1.5550912882314503,1.5550912882314503,1.5550912882314503
Pk0+Pk2+Pk4+Bk0,kmin-0.0_kmax-Bk=0.4__Pk=0.4,"Pk<0.4, Bk<0.4",40,3.75875,3.75875,1,1.6206939137065541,1.6206939137065541,1.6206939137065541
Pk0+Pk2+Pk4+Bk0,kmin-0.0_kmax-Bk=0.4__Pk=0.4,"Pk<0.4, Bk<0.4",41,4.5105,3.75875,1,1.4543880529068076,1.4543880529068076,1.4543880529068076
Pk0+Pk2+Pk4+Bk0,kmin-0.0_kmax-Bk=0.4__Pk=0.4,"Pk<0.4, Bk<0.4",42,0.0,4.5105,1,1.2420895635779632,1.2420895635779632,1.2420895635779632
Pk0+Pk2+Pk4+Bk0,kmin-0.0_kmax-Bk=0.4__Pk=0.4,"Pk<0.4, Bk<0.4",43,0.75175,4.5105,1,1.2018993320472287,1.2018993320472287,1.2018993320472287
Pk0+Pk2+Pk4+Bk0,kmin-0.0_kmax-Bk=0.4__Pk=0.4,"Pk<0.4, Bk<0.4",44,1.5035,4.5105,1,1.1975103254486918,1.1975103254486918,1.1975103254486918
Pk0+Pk2+Pk4+Bk0,kmin-0.0_kmax-Bk=0.4__Pk=0.4,"Pk<0.4, Bk<0.4",45,2.25525,4.5105,1,1.7105978350902644,1.7105978350902644,1.7105978350902644
Pk0+Pk2+Pk4+Bk0,kmin-0.0_kmax-Bk=0.4__Pk=0.4,"Pk<0.4, Bk<0.4",46,3.007,4.5105,1,1.650293857647175,1.650293857647175,1.650293857647175
Pk0+Pk2+Pk4+Bk0,kmin-0.0_kmax-Bk=0.4__Pk=0.4,"Pk<0.4, Bk<0.4",47,3.75875,4.5105,1,1.6960864553221382,1.6960864553221382,1.6960864553221382
Pk0+Pk2+Pk4+Bk0,kmin-0.0_kmax-Bk=0.4__Pk=0.4,"Pk<0.4, Bk<0.4",48,4.5105,4.5105,1,1.5888118293677413,1.5888118293677413,1.5888118293677413
Pk0+Pk2+Pk4+Bk0,kmin-0.0_kmax-Bk=0.2__Pk=0.6,"Pk<0.6, Bk<0.2",0,0.0,0.0,1,1.0388976142926007,1.0388976142926007,1.0388976142926007
Pk0+Pk2+Pk4+Bk0,kmin-0.0_kmax-Bk=0.2__Pk=0.6,"Pk<0.6, Bk<0.2",1,0.75175,0.0,1,1.0576585288856968,1.0576585288856968,1.0576585288856968
Pk0+Pk2+Pk4+Bk0,kmin-0.0_kmax-Bk=0.2__Pk=0.6,"Pk<0.6, Bk<0.2",2,1.5035,0.0,1,1.0739207527282506,1.0739207527282506,1.0739207527282506
Pk0+Pk2+Pk4+Bk0,kmin-0.0_kmax-Bk=0.2__Pk=0.6,"Pk<0.6, Bk<0.2",3,2.25525,0.0,1,1.0633121429495935,1.0633121429495935,1.0633121429495935
Pk0+Pk2+Pk4+Bk0,kmin-0.0_kmax-Bk=0.2__Pk=0.6,"Pk<0.6, Bk<0.2",4,3.007,0.0,1,1.212328276031709,1.212328276031709,1.212328276031709
Pk0+Pk2+Pk4+Bk0,kmin-0.0_kmax-Bk=0.2__Pk=0.6,"Pk<0.6, Bk<0.2",5,3.75875,0.0,1,1.431028595229765,1.431028595229765,1.431028595229765
Pk0+Pk2+Pk4+Bk0,kmin-0.0_kmax-Bk=0.2__Pk=0.6,"Pk<0.6, Bk<0.2",6,4.5105,0.0,1,1.9494272895732596,1.9494272895732596,1.9494272895732596
Pk0+Pk2+Pk4+Bk0,kmin-0.0_kmax-Bk=0.2__Pk=0.6,"Pk<0.6, Bk<0.2",7,0.0,0.75175,1,1.076027208304802,1.076027208304802,1.076027208304802
Pk0+Pk2+Pk4+Bk0,kmin-0.0_kmax-Bk=0.2__Pk=0.6,"Pk<0.6, Bk<0.2",8,0.75175,0.75175,1,1.054406220730952,1.054406220730952,1.054406220730952
Pk0+Pk2+Pk4+Bk0,kmin-0.0_kmax-Bk=0.2__Pk=0.6,"Pk<0.6, Bk<0.2",9,1.5035,0.75175,1,1.098635455376976,1.098635455376976,1.098635455376976
Pk0+Pk2+Pk4+Bk0,kmin-0.0_kmax-Bk=0.2__Pk=0.6,"Pk<0.6, Bk<0.2",10,2.25525,0.75175,1,1.1536717553085885,1.1536717553085885,1.1536717553085885
Pk0+Pk2+Pk4+Bk0,kmin-0.0_kmax-Bk=0.2__Pk=0.6,"Pk<0.6, Bk<0.2",11,3.007,0.75175,1,1.2168861292864566,1.2168861292864566,1.2168861292864566
Pk0+Pk2+Pk4+Bk0,kmin-0.0_kmax-Bk=0.2__Pk=0.6,"Pk<0.6, Bk<0.2",12,3.75875,0.75175,1,1.4129680934374829,1.4129680934374829,1.4129680934374829
Pk0+Pk2+Pk4+Bk0,kmin-0.0_kmax-Bk=0.2__Pk=0.6,"Pk<0.6, Bk<0.2",13,4.5105,0.75175,1,1.898191630980594,1.898191630980594,1.898191630980594
Pk0+Pk2+Pk4+Bk0,kmin-0.0_kmax-Bk=0.2__Pk=0.6,"Pk<0.6, Bk<0.2",14,0.0,1.5035,1,1.217789499841699,1.217789499841699,1.217789499841699
Pk0+Pk2+Pk4+Bk0,kmin-0.0_kmax-Bk=0.2__Pk=0.6,"Pk<0.6, Bk<0.2",15,0.75175,1.5035,1,1.2782172617816454,1.2782172617816454,1.2782172617816454
Pk0+Pk2+Pk4+Bk0,kmin-0.0_kmax-Bk=0.2__Pk=0.6,"Pk<0.6, Bk<0.2",16,1.5035,1.5035,1,1.2813623898643767,1.2813623898643767,1.2813623898643767
Pk0+Pk2+Pk4+Bk0,kmin-0.0_kmax-Bk=0.2__Pk=0.6,"Pk<0.6, Bk<0.2",17,2.25525,1.5035,1,1.2756746427306414,1.2756746427306414,1.2756746427306414
Pk0+Pk2+Pk4+Bk0,kmin-0.0_kmax-Bk=0.2__Pk=0.6,"Pk<0.6, Bk<0.2",18,3.007,1.5035,1,1.3073095159065455,1.3073095159065455,1.3073095159065455
Pk0+Pk2+Pk4+Bk0,kmin-0.0_kmax-Bk=0.2__Pk=0.6,"Pk<0.6, Bk<0.2",19,3.75875,1.5035,1,1.5430668084403265,1.5430668084403265,1.5430668084403265
Pk0+Pk2+Pk4+Bk0,kmin-0.0_kmax-Bk=0.2__Pk=0.6,"Pk<0.6, Bk<0.2",20,4.5105,1.5035,1,1.730742165894656,1.730742165894656,1.730742165894656
Pk0+Pk2+Pk4+Bk0,kmin-0.0_kmax-Bk=0.2__Pk=0.6,"Pk<0.6, Bk<0.2",21,0.0,2.25525,1,1.5065584720488001,1.5065584720488001,1.5065584720488001
Pk0+Pk2+Pk4+Bk0,kmin-0.0_kmax-Bk=0.2__Pk=0.6,"Pk<0.6, Bk<0.2",22,0.75175,2.25525,1,1.581775243083025,1.581775243083025,1.581775243083025
Pk0+Pk2+Pk4+Bk0,kmin-0.0_kmax-Bk=0.2__Pk=0.6,"Pk<0.6, Bk<0.2",23,1.5035,2.25525,1,1.4544702597519044,1.4544702597519044,1.4544702597519044
Pk0+Pk2+Pk4+Bk0,kmin-0.0_kmax-Bk=0.2__Pk=0.6,"Pk<0.6, Bk<0.2",24,2.25525,2.25525,1,1.5324461205493052,1.5324461205493052,1.5324461205493052
Pk0+Pk2+Pk4+Bk0,kmin-0.0_kmax-Bk=0.2__Pk=0.6,"Pk<0.6, Bk<0.2",25,3.007,2.25525,1,1.5162778948146023,1.5162778948146023,1.5162778948146023
Pk0+Pk2+Pk4+Bk0,kmin-0.0_kmax-Bk=0.2__Pk=0.6,"Pk<0.6, Bk<0.2",26,3.75875,2.25525,1,1.5239349707887537,1.5239349707887537,1.5239349707887537
Pk0+Pk2+Pk4+Bk0,kmin-0.0_kmax-Bk=0.2__Pk=0.6,"Pk<0.6, Bk<0.2",27,4.5105,2.25525,1,1.66808027436922,1.66808027436922,1.66808027436922
Pk0+Pk2+Pk4+Bk0,kmin-0.0_kmax-Bk=0.2__Pk=0.6,"Pk<0.6, Bk<0.2",28,0.0,3.007,1,1.4145073054791268,1.4145073054791268,1.4145073054791268
Pk0+Pk2+Pk4+Bk0,kmin-0.0_kmax-Bk=0.2__Pk=0.6,"Pk<0.6, Bk<0.2",29,0.75175,3.007,1,1.4117468622427292,1.4117468622427292,1.4117468622427292
Pk0+Pk2+Pk4+Bk0,kmin-0.0_kmax-Bk=0.2__Pk=0.6,"Pk<0.6, Bk<0.2",30,1.5035,3.007,1,1.4223854031435141,1.4223854031435141,1.4223854031435141
Pk0+Pk2+Pk4+Bk0,kmin-0.0_kmax-Bk=0.2__Pk=0.6,"Pk<0.6, Bk<0.2",31,2.25525,3.007,1,1.6640378033589127,1.6640378033589127,1.6640378033589127
Pk0+Pk2+Pk4+Bk0,kmin-0.0_kmax-Bk=0.2__Pk=0.6,"Pk<0.6, Bk<0.2",32,3.007,3.007,1,1.4946544948007519,1.4946544948007519,1.4946544948007519
Pk0+Pk2+Pk4+Bk0,kmin-0.0_kmax-Bk=0.2__Pk=0.6,"Pk<0.6, Bk<0.2",33,3.75875,3.007,1,1.6697200224981077,1.6697200224981077,1.6697200224981077
Pk0+Pk2+Pk4+Bk0,kmin-0.0_kmax-Bk=0.2__Pk=0.6,"Pk<0.6, Bk<0.2",34,4.5105,3.007,1,1.6278480923382805,1.6278480923382805,1.6278480923382805
Pk0+Pk2+Pk4+Bk0,kmin-0.0_kmax-Bk=0.2__Pk=0.6,"Pk<0.6, Bk<0.2",35,0.0,3.75875,1,1.2653089420264954,1.2653089420264954,1.2653089420264954
Pk0+Pk2+Pk4+Bk0,kmin-0.0_kmax-Bk=0.2__Pk=0.6,"Pk<0.6, Bk<0.2",36,0.75175,3.75875,1,1.3601875057017623,1.3601875057017623,1.3601875057017623
Pk0+Pk2+Pk4+Bk0,kmin-0.0_kmax-Bk=0.2__Pk=0.6,"Pk<0.6, Bk<0.2",37,1.5035,3.75875,1,1.3411236860821978,1.3411236860821978,1.3411236860821978
Pk0+Pk2+Pk4+Bk0,kmin-0.0_kmax-Bk=0.2__Pk=0.6,"Pk<0.6, Bk<0.2",38,2.25525,3.75875,1,1.5491200671686554,1.5491200671686554,1.5491200671686554
Pk0+Pk2+Pk4+Bk0,kmin-0.0_kmax-Bk=0.2__Pk=0.6,"Pk<0.6, Bk<0.2",39,3.007,3.75875,1,1.345874150537672,1.345874150537672,1.345874150537672
Pk0+Pk2+Pk4+Bk0,kmin-0.0_kmax-Bk=0.2__Pk=0.6,"Pk<0.6, Bk<0.2",40,3.75875,3.75875,1,1.557977756748343,1.557977756748343,1.557977756748343
Pk0+Pk2+Pk4+Bk0,kmin-0.0_kmax-Bk=0.2__Pk=0.6,"Pk<0.6, Bk<0.2",41,4.5105,3.75875,1,1.4975794466720949,1.4975794466720949,1.4975794466720949
Pk0+Pk2+Pk4+Bk0,kmin-0.0_kmax-Bk=0.2__Pk=0.6,"Pk<0.6, Bk<0.2",42,0.0,4.5105,1,1.418479938669983,1.418479938669983,1.418479938669983
Pk0+Pk2+Pk4+Bk0,kmin-0.0_kmax-Bk=0.2__Pk=0.6,"Pk<0.6, Bk<0.2",43,0.75175,4.5105,1,1.1637108402149363,1.1637108402149363,1.1637108402149363
Pk0+Pk2+Pk4+Bk0,kmin-0.0_kmax-Bk=0.2__Pk=0.6,"Pk<0.6, Bk<0.2",44,1.5035,4.5105,1,1.3244964194592723,1.3244964194592723,1.3244964194592723
Pk0+Pk2+Pk4+Bk0,kmin-0.0_kmax-Bk=0.2__Pk=0.6,"Pk<0.6, Bk<0.2",45,2.25525,4.5105,1,1.2473100139510966,1.2473100139510966,1.2473100139510966
Pk0+Pk2+Pk4+Bk0,kmin-0.0_kmax-Bk=0.2__Pk=0.6,"Pk<0.6, Bk<0.2",46,3.007,4.5105,1,1.087402984202985,1.087402984202985,1.087402984202985
Pk0+Pk2+Pk4+Bk0,kmin-0.0_kmax-Bk=0.2__Pk=0.6,"Pk<0.6, Bk<0.2",47,3.75875,4.5105,1,1.1882937766554733,1.1882937766554733,1.1882937766554733
Pk0+Pk2+Pk4+Bk0,kmin-0.0_kmax-Bk=0.2__Pk=0.6,"Pk<0.6, Bk<0.2",48,4.5105,4.5105,1,0.7481930625263804,0.7481930625263804,0.7481930625263804
Pk0+Pk2+Pk4+EqBk0,kmin-0.0_kmax-Bk=0.2__Pk=0.2,"Pk<0.2, Bk<0.2",0,0.0,0.0,1,0.9929931526934859,0.9929931526934859,0.9929931526934859
Pk0+Pk2+Pk4+EqBk0,kmin-0.0_kmax-Bk=0.2__Pk=0.2,"Pk<0.2, Bk<0.2",1,0.75175,0.0,1,1.0370914446351605,1.0370914446351605,1.0370914446351605
Pk0+Pk2+Pk4+EqBk0,kmin-0.0_kmax-Bk=0.2__Pk=0.2,"Pk<0.2, Bk<0.2",2,1.5035,0.0,1,1.0343606997246326,1.0343606997246326,1.0343606997246326
Pk0+Pk2+Pk4+EqBk0,kmin-0.0_kmax-Bk=0.2__Pk=0.2,"Pk<0.2, Bk<0.2",3,2.25525,0.0,1,1.075176916231286,1.075176916231286,1.075176916231286
Pk0+Pk2+Pk4+EqBk0,kmin-0.0_kmax-Bk=0.2__Pk=0.2,"Pk<0.2, Bk<0.2",4,3.007,0.0,1,1.1235864662803834,1.1235864662803834,1.1235864662803834
Pk0+Pk2+Pk4+EqBk0,kmin-0.0_kmax-Bk=0.2__Pk=0.2,"Pk<0.2, Bk<0.2",5,3.75875,0.0,1,1.4576147234120582,1.4576147234120582,1.4576147234120582
Pk0+Pk2+Pk4+EqBk0,kmin-0.0_kmax-Bk=0.2__Pk=0.2,"Pk<0.2, Bk<0.2",6,4.5105,0.0,1,1.884101994696914,1.884101994696914,1.884101994696914
Pk0+Pk2+Pk4+EqBk0,kmin-0.0_kmax-Bk=0.2__Pk=0.2,"Pk<0.2, Bk<0.2",7,0.0,0.75175,1,1.0590693099353752,1.0590693099353752,1.0590693099353752
Pk0+Pk2+Pk4+EqBk0,kmin-0.0_kmax-Bk=0.2__Pk=0.2,"Pk<0.2, Bk<0.2",8,0.75175,0.75175,1,0.9557955592668256,0.9557955592668256,0.9557955592668256
Pk0+Pk2+Pk4+EqBk0,kmin-0.0_kmax-Bk=0.2__Pk=0.2,"Pk<0.2, Bk<0.2",9,1.5035,0.75175,1,1.056445796711077,1.056445796711077,1.056445796711077
Pk0+Pk2+Pk4+EqBk0,kmin-0.0_kmax-Bk=0.2__Pk=0.2,"Pk<0.2, Bk<0.2",10,2.25525,0.75175,1,1.116573635314793,1.116573635314793,1.116573635314793
Pk0+Pk2+Pk4+EqBk0,kmin-0.0_kmax-Bk=0.2__Pk=0.2,"Pk<0.2, Bk<0.2",11,3.007,0.75175,1,1.1905510772945658,1.1905510772945658,1.1905510772945658
Pk0+Pk2+Pk4+EqBk0,kmin-0.0_kmax-Bk=0.2__Pk=0.2,"Pk<0.2, Bk<0.2",12,3.75875,0.75175,1,1.3991944641077714,1.3991944641077714,1.3991944641077714
Pk0+Pk2+Pk4+EqBk0,kmin-0.0_kmax-Bk=0.2__Pk=0.2,"Pk<0.2, Bk<0.2",13,4.5105,0.75175,1,2.028544332176058,2.028544332176058,2.028544332176058
Pk0+Pk2+Pk4+EqBk0,kmin-0.0_kmax-Bk=0.2__Pk=0.2,"Pk<0.2, Bk<0.2",14,0.0,1.5035,1,0.9685076624000543,0.9685076624000543,0.9685076624000543
Pk0+Pk2+Pk4+EqBk0,kmin-0.0_kmax-Bk=0.2__Pk=0.2,"Pk<0.2, Bk<0.2",15,0.75175,1.5035,1,0.9452597462972987,0.9452597462972987,0.9452597462972987
Pk0+Pk2+Pk4+EqBk0,kmin-0.0_kmax-Bk=0.2__Pk=0.2,"Pk<0.2, Bk<0.2",16,1.5035,1.5035,1,1.0261760799520965,1.0261760799520965,1.0261760799520965
Pk0+Pk2+Pk4+EqBk0,kmin-0.0_kmax-Bk=0.2__Pk=0.2,"Pk<0.2, Bk<0.2",17,2.25525,1.5035,1,1.0422215562075992,1.0422215562075992,1.0422215562075992
Pk0+Pk2+Pk4+EqBk0,kmin-0.0_kmax-Bk=0.2__Pk=0.2,"Pk<0.2, Bk<0.2",18,3.007,1.5035,1,1.067459350033909,1.067459350033909,1.067459350033909
Pk0+Pk2+Pk4+EqBk0,kmin-0.0_kmax-Bk=0.2__Pk=0.2,"Pk<0.2, Bk<0.2",19,3.75875,1.5035,1,1.7665771081438808,1.7665771081438808,1.7665771081438808
Pk0+Pk2+Pk4+EqBk0,kmin-0.0_kmax-Bk=0.2__Pk=0.2,"Pk<0.2, Bk<0.2",20,4.5105,1.5035,1,1.9829565069845285,1.9829565069845285,1.9829565069845285
Pk0+Pk2+Pk4+EqBk0,kmin-0.0_kmax-Bk=0.2__Pk=0.2,"Pk<0.2, Bk<0.2",21,0.0,2.25525,1,1.0098339194979415,1.0098339194979415,1.0098339194979415
Pk0+Pk2+Pk4+EqBk0,kmin-0.0_kmax-Bk=0.2__Pk=0.2,"Pk<0.2, Bk<0.2",22,0.75175,2.25525,1,1.003509394928345,1.003509394928345,1.003509394928345
Pk0+Pk2+Pk4+EqBk0,kmin-0.0_kmax-Bk=0.2__Pk=0.2,"Pk<0.2, Bk<0.2",23,1.5035,2.25525,1,1.0146809151910043,1.0146809151910043,1.0146809151910043
Pk0+Pk2+Pk4+EqBk0,kmin-0.0_kmax-Bk=0.2__Pk=0.2,"Pk<0.2, Bk<0.2",24,2.25525,2.25525,1,1.3825901442016142,1.3825901442016142,1.3825901442016142
Pk0+Pk2+Pk4+EqBk0,kmin-0.0_kmax-Bk=0.2__Pk=0.2,"Pk<0.2, Bk<0.2",25,3.007,2.25525,1,1.757944634384352,1.757944634384352,1.757944634384352
Pk0+Pk2+Pk4+EqBk0,kmin-0.0_kmax-Bk=0.2__Pk=0.2,"Pk<0.2, Bk<0.2",26,3.75875,2.25525,1,1.85898055758938,1.85898055758938,1.85898055758938
Pk0+Pk2+Pk4+EqBk0,kmin-0.0_kmax-Bk=0.2__Pk=0.2,"Pk<0.2, Bk<0.2",27,4.5105,2.25525,1,1.9630112760781357,1.9630112760781357,1.9630112760781357
Pk0+Pk2+Pk4+EqBk0,kmin-0.0_kmax-Bk=0.2__Pk=0.2,"Pk<0.2, Bk<0.2",28,0.0,3.007,1,1.4411405359684648,1.4411405359684648,1.4411405359684648
Pk0+Pk2+Pk4+EqBk0,kmin-0.0_kmax-Bk=0.2__Pk=0.2,"Pk<0.2, Bk<0.2",29,0.75175,3.007,1,1.54456310664409,1.54456310664409,1.54456310664409
Pk0+Pk2+Pk4+EqBk0,kmin-0.0_kmax-Bk=0.2__Pk=0.2,"Pk<0.2, Bk<0.2",30,1.5035,3.007,1,1.6955560729856909,1.6955560729856909,1.6955560729856909
Pk0+Pk2+Pk4+EqBk0,kmin-0.0_kmax-Bk=0.2__Pk=0.2,"Pk<0.2, Bk<0.2",31,2.25525,3.007,1,1.784142498498983,1.784142498498983,1.784142498498983
Pk0+Pk2+Pk4+EqBk0,kmin-0.0_kmax-Bk=0.2__Pk=0.2,"Pk<0.2, Bk<0.2",32,3.007,3.007,1,1.7808714549793672,1.7808714549793672,1.7808714549793672
Pk0+Pk2+Pk4+EqBk0,kmin-0.0_kmax-Bk=0.2__Pk=0.2,"Pk<0.2, Bk<0.2",33,3.75875,3.007,1,1.7653246554930466,1.7653246554930466,1.7653246554930466
Pk0+Pk2+Pk4+EqBk0,kmin-0.0_kmax-Bk=0.2__Pk=0.2,"Pk<0.2, Bk<0.2",34,4.5105,3.007,1,1.8810404010063757,1.8810404010063757,1.8810404010063757
Pk0+Pk2+Pk4+EqBk0,kmin-0.0_kmax-Bk=0.2__Pk=0.2,"Pk<0.2, Bk<0.2",35,0.0,3.75875,1,1.8030798468503313,1.8030798468503313,1.8030798468503313
Pk0+Pk2+Pk4+EqBk0,kmin-0.0_kmax-Bk=0.2__Pk=0.2,"Pk<0.2, Bk<0.2",36,0.75175,3.75875,1,1.743128584675762,1.743128584675762,1.743128584675762
Pk0+Pk2+Pk4+EqBk0,kmin-0.0_kmax-Bk=0.2__Pk=0.2,"Pk<0.2, Bk<0.2",37,1.5035,3.75875,1,1.7280562686130692,1.7280562686130692,1.7280562686130692
Pk0+Pk2+Pk4+EqBk0,kmin-0.0_kmax-Bk=0.2__Pk=0.2,"Pk<0.2, Bk<0.2",38,2.25525,3.75875,1,1.721455817845177,1.721455817845177,1.721455817845177
Pk0+Pk2+Pk4+EqBk0,kmin-0.0_kmax-Bk=0.2__Pk=0.2,"Pk<0.2, Bk<0.2",39,3.007,3.75875,1,1.7926811113868053,1.7926811113868053,1.7926811113868053
Pk0+Pk2+Pk4+EqBk0,kmin-0.0_kmax-Bk=0.2__Pk=0.2,"Pk<0.2, Bk<0.2",40,3.75875,3.75875,1,1.8346788034439174,1.8346788034439174,1.8346788034439174
Pk0+Pk2+Pk4+EqBk0,kmin-0.0_kmax-Bk=0.2__Pk=0.2,"Pk<0.2, Bk<0.2",41,4.5105,3.75875,1,1.7015652868185183,1.7015652868185183,1.7015652868185183
Pk0+Pk2+Pk4+EqBk0,kmin-0.0_kmax-Bk=0.2__Pk=0.2,"Pk<0.2, Bk<0.2",42,0.0,4.5105,1,1.8611347550747384,1.8611347550747384,1.8611347550747384
Pk0+Pk2+Pk4+EqBk0,kmin-0.0_kmax-Bk=0.2__Pk=0.2,"Pk<0.2, Bk<0.2",43,0.75175,4.5105,1,1.8428077830792944,1.8428077830792944,1.8428077830792944
Pk0+Pk2+Pk4+EqBk0,kmin-0.0_kmax-Bk=0.2__Pk=0.2,"Pk<0.2, Bk<0.2",44,1.5035,4.5105,1,1.8808575542570118,1.8808575542570118,1.8808575542570118
Pk0+Pk2+Pk4+EqBk0,kmin-0.0_kmax-Bk=0.2__Pk=0.2,"Pk<0.2, Bk<0.2",45,2.25525,4.5105,1,1.78773947179253,1.78773947179253,1.78773947179253
Pk0+Pk2+Pk4+EqBk0,kmin-0.0_kmax-Bk=0.2__Pk=0.2,"Pk<0.2, Bk<0.2",46,3.007,4.5105,1,1.6501223853920952,1.6501223853920952,1.6501223853920952
Pk0+Pk2+Pk4+EqBk0,kmin-0.0_kmax-Bk=0.2__Pk=0.2,"Pk<0.2, Bk<0.2",47,3.75875,4.5105,1,1.6692430129787004,1.6692430129787004,1.6692430129787004
Pk0+Pk2+Pk4+EqBk0,kmin-0.0_kmax-Bk=0.2__Pk=0.2,"Pk<0.2, Bk<0.2",48,4.5105,4.5105,1,1.6361127098750239,1.6361127098750239,1.6361127098750239
Pk0+Pk2+Pk4+EqBk0,kmin-0.0_kmax-Bk=0.2__Pk=0.4,"Pk<0.4, Bk<0.2",0,0.0,0.0,1,0.9113604287489259,0.9113604287489259,0.9113604287489259
Pk0+Pk2+Pk4+EqBk0,kmin-0.0_kmax-Bk=0.2__Pk=0.4,"Pk<0.4, Bk<0.2",1,0.75175,0.0,1,0.9426606987070189,0.9426606987070189,0.9426606987070189
Pk0+Pk2+Pk4+EqBk0,kmin-0.0_kmax-Bk=0.2__Pk=0.4,"Pk<0.4, Bk<0.2",2,1.5035,0.0,1,0.9654614916014583,0.9654614916014583,0.9654614916014583
Pk0+Pk2+Pk4+EqBk0,kmin-0.0_kmax-Bk=0.2__Pk=0.4,"Pk<0.4, Bk<0.2",3,2.25525,0.0,1,1.0803714319242141,1.0803714319242141,1.0803714319242141
Pk0+Pk2+Pk4+EqBk0,kmin-0.0_kmax-Bk=0.2__Pk=0.4,"Pk<0.4, Bk<0.2",4,3.007,0.0,1,1.2175248231510736,1.2175248231510736,1.2175248231510736
Pk0+Pk2+Pk4+EqBk0,kmin-0.0_kmax-Bk=0.2__Pk=0.4,"Pk<0.4, Bk<0.2",5,3.75875,0.0,1,1.5932901745626655,1.5932901745626655,1.5932901745626655
Pk0+Pk2+Pk4+EqBk0,kmin-0.0_kmax-Bk=0.2__Pk=0.4,"Pk<0.4, Bk<0.2",6,4.5105,0.0,1,1.8569176975425772,1.8569176975425772,1.8569176975425772
Pk0+Pk2+Pk4+EqBk0,kmin-0.0_kmax-Bk=0.2__Pk=0.4,"Pk<0.4, Bk<0.2",7,0.0,0.75175,1,0.9206130756196961,0.9206130756196961,0.9206130756196961
Pk0+Pk2+Pk4+EqBk0,kmin-0.0_kmax-Bk=0.2__Pk=0.4,"Pk<0.4, Bk<0.2",8,0.75175,0.75175,1,0.925992066987677,0.925992066987677,0.925992066987677
Pk0+Pk2+Pk4+EqBk0,kmin-0.0_kmax-Bk=0.2__Pk=0.4,"Pk<0.4, Bk<0.2",9,1.5035,0.75175,1,0.9918212308903039,0.9918212308903039,0.9918212308903039
Pk0+Pk2+Pk4+EqBk0,kmin-0.0_kmax-Bk=0.2__Pk=0.4,"Pk<0.4, Bk<0.2",10,2.25525,0.75175,1,1.0206454492424577,1.0206454492424577,1.0206454492424577
Pk0+Pk2+Pk4+EqBk0,kmin-0.0_kmax-Bk=0.2__Pk=0.4,"Pk<0.4, Bk<0.2",11,3.007,0.75175,1,1.1901058156905404,1.1901058156905404,1.1901058156905404
Pk0+Pk2+Pk4+EqBk0,kmin-0.0_kmax-Bk=0.2__Pk=0.4,"Pk<0.4, Bk<0.2",12,3.75875,0.75175,1,1.5697356565045983,1.5697356565045983,1.5697356565045983
Pk0+Pk2+Pk4+EqBk0,kmin-0.0_kmax-Bk=0.2__Pk=0.4,"Pk<0.4, Bk<0.2",13,4.5105,0.75175,1,1.885404747843863,1.885404747843863,1.885404747843863
Pk0+Pk2+Pk4+EqBk0,kmin-0.0_kmax-Bk=0.2__Pk=0.4,"Pk<0.4, Bk<0.2",14,0.0,1.5035,1,0.9373288695526683,0.9373288695526683,0.9373288695526683
Pk0+Pk2+Pk4+EqBk0,kmin-0.0_kmax-Bk=0.2__Pk=0.4,"Pk<0.4, Bk<0.2",15,0.75175,1.5035,1,0.9283293939487071,0.9283293939487071,0.9283293939487071
Pk0+Pk2+Pk4+EqBk0,kmin-0.0_kmax-Bk=0.2__Pk=0.4,"Pk<0.4, Bk<0.2",16,1.5035,1.5035,1,0.9171775819567404,0.9171775819567404,0.9171775819567404
Pk0+Pk2+Pk4+EqBk0,kmin-0.0_kmax-Bk=0.2__Pk=0.4,"Pk<0.4, Bk<0.2",17,2.25525,1.5035,1,1.05704841046284,1.05704841046284,1.05704841046284
Pk0+Pk2+Pk4+EqBk0,kmin-0.0_kmax-Bk=0.2__Pk=0.4,"Pk<0.4, Bk<0.2",18,3.007,1.5035,1,1.2020894266695556,1.2020894266695556,1.2020894266695556
Pk0+Pk2+Pk4+EqBk0,kmin-0.0_kmax-Bk=0.2__Pk=0.4,"Pk<0.4, Bk<0.2",19,3.75875,1.5035,1,1.691350437349811,1.691350437349811,1.691350437349811
Pk0+Pk2+Pk4+EqBk0,kmin-0.0_kmax-Bk=0.2__Pk=0.4,"Pk<0.4, Bk<0.2",20,4.5105,1.5035,1,1.9193160764631139,1.9193160764631139,1.9193160764631139
Pk0+Pk2+Pk4+EqBk0,kmin-0.0_kmax-Bk=0.2__Pk=0.4,"Pk<0.4, Bk<0.2",21,0.0,2.25525,1,0.9879756829796783,0.9879756829796783,0.9879756829796783
Pk0+Pk2+Pk4+EqBk0,kmin-0.0_kmax-Bk=0.2__Pk=0.4,"Pk<0.4, Bk<0.2",22,0.75175,2.25525,1,0.9559188711958697,0.9559188711958697,0.9559188711958697
Pk0+Pk2+Pk4+EqBk0,kmin-0.0_kmax-Bk=0.2__Pk=0.4,"Pk<0.4, Bk<0.2",23,1.5035,2.25525,1,0.9509783903087781,0.9509783903087781,0.9509783903087781
Pk0+Pk2+Pk4+EqBk0,kmin-0.0_kmax-Bk=0.2__Pk=0.4,"Pk<0.4, Bk<0.2",24,2.25525,2.25525,1,1.212248604813469,1.212248604813469,1.212248604813469
Pk0+Pk2+Pk4+EqBk0,kmin-0.0_kmax-Bk=0.2__Pk=0.4,"Pk<0.4, Bk<0.2",25,3.007,2.25525,1,1.5300743992376376,1.5300743992376376,1.5300743992376376
Pk0+Pk2+Pk4+EqBk0,kmin-0.0_kmax-Bk=0.2__Pk=0.4,"Pk<0.4, Bk<0.2",26,3.75875,2.25525,1,1.8618519959310877,1.8618519959310877,1.8618519959310877
Pk0+Pk2+Pk4+EqBk0,kmin-0.0_kmax-Bk=0.2__Pk=0.4,"Pk<0.4, Bk<0.2",27,4.5105,2.25525,1,2.039450495121811,2.039450495121811,2.039450495121811
Pk0+Pk2+Pk4+EqBk0,kmin-0.0_kmax-Bk=0.2__Pk=0.4,"Pk<0.4, Bk<0.2",28,0.0,3.007,1,1.2004838367370836,1.2004838367370836,1.2004838367370836
Pk0+Pk2+Pk4+EqBk0,kmin-0.0_kmax-Bk=0.2__Pk=0.4,"Pk<0.4, Bk<0.2",29,0.75175,3.007,1,1.1551986021385823,1.1551986021385823,1.1551986021385823
Pk0+Pk2+Pk4+EqBk0,kmin-0.0_kmax-Bk=0.2__Pk=0.4,"Pk<0.4, Bk<0.2",30,1.5035,3.007,1,1.1485389502685752,1.1485389502685752,1.1485389502685752
Pk0+Pk2+Pk4+EqBk0,kmin-0.0_kmax-Bk=0.2__Pk=0.4,"Pk<0.4, Bk<0.2",31,2.25525,3.007,1,1.3081277695214748,1.3081277695214748,1.3081277695214748
Pk0+Pk2+Pk4+EqBk0,kmin-0.0_kmax-Bk=0.2__Pk=0.4,"Pk<0.4, Bk<0.2",32,3.007,3.007,1,1.4409721491018028,1.4409721491018028,1.4409721491018028
Pk0+Pk2+Pk4+EqBk0,kmin-0.0_kmax-Bk=0.2__Pk=0.4,"Pk<0.4, Bk<0.2",33,3.75875,3.007,1,1.6250547737224013,1.6250547737224013,1.6250547737224013
Pk0+Pk2+Pk4+EqBk0,kmin-0.0_kmax-Bk=0.2__Pk=0.4,"Pk<0.4, Bk<0.2",34,4.5105,3.007,1,1.7948237150490953,1.7948237150490953,1.7948237150490953
Pk0+Pk2+Pk4+EqBk0,kmin-0.0_kmax-Bk=0.2__Pk=0.4,"Pk<0.4, Bk<0.2",35,0.0,3.75875,1,1.307258043581624,1.307258043581624,1.307258043581624
Pk0+Pk2+Pk4+EqBk0,kmin-0.0_kmax-Bk=0.2__Pk=0.4,"Pk<0.4, Bk<0.2",36,0.75175,3.75875,1,1.417496755903793,1.417496755903793,1.417496755903793
Pk0+Pk2+Pk4+EqBk0,kmin-0.0_kmax-Bk=0.2__Pk=0.4,"Pk<0.4, Bk<0.2",37,1.5035,3.75875,1,1.3849713240628312,1.3849713240628312,1.3849713240628312
Pk0+Pk2+Pk4+EqBk0,kmin-0.0_kmax-Bk=0.2__Pk=0.4,"Pk<0.4, Bk<0.2",38,2.25525,3.75875,1,1.4097254596464452,1.4097254596464452,1.4097254596464452
Pk0+Pk2+Pk4+EqBk0,kmin-0.0_kmax-Bk=0.2__Pk=0.4,"Pk<0.4, Bk<0.2",39,3.007,3.75875,1,1.3123036462914455,1.3123036462914455,1.3123036462914455
Pk0+Pk2+Pk4+EqBk0,kmin-0.0_kmax-Bk=0.2__Pk=0.4,"Pk<0.4, Bk<0.2",40,3.75875,3.75875,1,1.6690469341841951,1.6690469341841951,1.6690469341841951
Pk0+Pk2+Pk4+EqBk0,kmin-0.0_kmax-Bk=0.2__Pk=0.4,"Pk<0.4, Bk<0.2",41,4.5105,3.75875,1,1.9139695410066262,1.9139695410066262,1.9139695410066262
Pk0+Pk2+Pk4+EqBk0,kmin-0.0_kmax-Bk=0.2__Pk=0.4,"Pk<0.4, Bk<0.2",42,0.0,4.5105,1,1.4663654060866584,1.4663654060866584,1.4663654060866584
Pk0+Pk2+Pk4+EqBk0,kmin-0.0_kmax-Bk=0.2__Pk=0.4,"Pk<0.4, Bk<0.2",43,0.75175,4.5105,1,1.3196704057234574,1.3196704057234574,1.3196704057234574
Pk0+Pk2+Pk4+EqBk0,kmin-0.0_kmax-Bk=0.2__Pk=0.4,"Pk<0.4, Bk<0.2",44,1.5035,4.5105,1,1.715357851867254,1.715357851867254,1.715357851867254
Pk0+Pk2+Pk4+EqBk0,kmin-0.0_kmax-Bk=0.2__Pk=0.4,"Pk<0.4, Bk<0.2",45,2.25525,4.5105,1,1.5910000216981668,1.5910000216981668,1.5910000216981668
Pk0+Pk2+Pk4+EqBk0,kmin-0.0_kmax-Bk=0.2__Pk=0.4,"Pk<0.4, Bk<0.2",46,3.007,4.5105,1,1.7561040437134157,1.7561040437134157,1.7561040437134157
Pk0+Pk2+Pk4+EqBk0,kmin-0.0_kmax-Bk=0.2__Pk=0.4,"Pk<0.4, Bk<0.2",47,3.75875,4.5105,1,1.6321237821082912,1.6321237821082912,1.6321237821082912
Pk0+Pk2+Pk4+EqBk0,kmin-0.0_kmax-Bk=0.2__Pk=0.4,"Pk<0.4, Bk<0.2",48,4.5105,4.5105,1,1.8863433685845403,1.8863433685845403,1.8863433685845403
Pk0+Pk2+Pk4+EqBk0,kmin-0.0_kmax-Bk=0.4__Pk=0.4,"Pk<0.4, Bk<0.4",0,0.0,0.0,1,0.724171522779523,0.724171522779523,0.724171522779523
Pk0+Pk2+Pk4+EqBk0,kmin-0.0_kmax-Bk=0.4__Pk=0.4,"Pk<0.4, Bk<0.4",1,0.75175,0.0,1,0.7678012443109354,0.7678012443109354,0.7678012443109354
Pk0+Pk2+Pk4+EqBk0,kmin-0.0_kmax-Bk=0.4__Pk=0.4,"Pk<0.4, Bk<0.4",2,1.5035,0.0,1,0.7089283180744413,0.7089283180744413,0.7089283180744413
Pk0+Pk2+Pk4+EqBk0,kmin-0.0_kmax-Bk=0.4__Pk=0.4,"Pk<0.4, Bk<0.4",3,2.25525,0.0,1,0.7610419204897642,0.7610419204897642,0.7610419204897642
Pk0+Pk2+Pk4+EqBk0,kmin-0.0_kmax-Bk=0.4__Pk=0.4,"Pk<0.4, Bk<0.4",4,3.007,0.0,1,0.8206496621839267,0.8206496621839267,0.8206496621839267
Pk0+Pk2+Pk4+EqBk0,kmin-0.0_kmax-Bk=0.4__Pk=0.4,"Pk<0.4, Bk<0.4",5,3.75875,0.0,1,1.2028049239041005,1.2028049239041005,1.2028049239041005
Pk0+Pk2+Pk4+EqBk0,kmin-0.0_kmax-Bk=0.4__Pk=0.4,"Pk<0.4, Bk<0.4",6,4.5105,0.0,1,2.205875429444709,2.205875429444709,2.205875429444709
Pk0+Pk2+Pk4+EqBk0,kmin-0.0_kmax-Bk=0.4__Pk=0.4,"Pk<0.4, Bk<0.4",7,0.0,0.75175,1,0.7398691659560075,0.7398691659560075,0.7398691659560075
Pk0+Pk2+Pk4+EqBk0,kmin-0.0_kmax-Bk=0.4__Pk=0.4,"Pk<0.4, Bk<0.4",8,0.75175,0.75175,1,0.7420370476755657,0.7420370476755657,0.7420370476755657
Pk0+Pk2+Pk4+EqBk0,kmin-0.0_kmax-Bk=0.4__Pk=0.4,"Pk<0.4, Bk<0.4",9,1.5035,0.75175,1,0.7866865168803139,0.7866865168803139,0.7866865168803139
Pk0+Pk2+Pk4+EqBk0,kmin-0.0_kmax-Bk=0.4__Pk=0.4,"Pk<0.4, Bk<0.4",10,2.25525,0.75175,1,0.7601209282607971,0.7601209282607971,0.7601209282607971
Pk0+Pk2+Pk4+EqBk0,kmin-0.0_kmax-Bk=0.4__Pk=0.4,"Pk<0.4, Bk<0.4",11,3.007,0.75175,1,0.875530588715842,0.875530588715842,0.875530588715842
Pk0+Pk2+Pk4+EqBk0,kmin-0.0_kmax-Bk=0.4__Pk=0.4,"Pk<0.4, Bk<0.4",12,3.75875,0.75175,1,1.1702379232747355,1.1702379232747355,1.1702379232747355
Pk0+Pk2+Pk4+EqBk0,kmin-0.0_kmax-Bk=0.4__Pk=0.4,"Pk<0.4, Bk<0.4",13,4.5105,0.75175,1,2.207559574949121,2.207559574949121,2.207559574949121
Pk0+Pk2+Pk4+EqBk0,kmin-0.0_kmax-Bk=0.4__Pk=0.4,"Pk<0.4, Bk<0.4",14,0.0,1.5035,1,0.6783963637500094,0.6783963637500094,0.6783963637500094
Pk0+Pk2+Pk4+EqBk0,kmin-0.0_kmax-Bk=0.4__Pk=0.4,"Pk<0.4, Bk<0.4",15,0.75175,1.5035,1,0.6557885124699657,0.6557885124699657,0.6557885124699657
Pk0+Pk2+Pk4+EqBk0,kmin-0.0_kmax-Bk=0.4__Pk=0.4,"Pk<0.4, Bk<0.4",16,1.5035,1.5035,1,0.6661629184860862,0.6661629184860862,0.6661629184860862
Pk0+Pk2+Pk4+EqBk0,kmin-0.0_kmax-Bk=0.4__Pk=0.4,"Pk<0.4, Bk<0.4",17,2.25525,1.5035,1,0.6896154796262051,0.6896154796262051,0.6896154796262051
Pk0+Pk2+Pk4+EqBk0,kmin-0.0_kmax-Bk=0.4__Pk=0.4,"Pk<0.4, Bk<0.4",18,3.007,1.5035,1,0.7322855949933683,0.7322855949933683,0.7322855949933683
Pk0+Pk2+Pk4+EqBk0,kmin-0.0_kmax-Bk=0.4__Pk=0.4,"Pk<0.4, Bk<0.4",19,3.75875,1.5035,1,1.8162926381973667,1.8162926381973667,1.8162926381973667
Pk0+Pk2+Pk4+EqBk0,kmin-0.0_kmax-Bk=0.4__Pk=0.4,"Pk<0.4, Bk<0.4",20,4.5105,1.5035,1,2.2988994428159497,2.2988994428159497,2.2988994428159497
Pk0+Pk2+Pk4+EqBk0,kmin-0.0_kmax-Bk=0.4__Pk=0.4,"Pk<0.4, Bk<0.4",21,0.0,2.25525,1,0.5240310178570408,0.5240310178570408,0.5240310178570408
Pk0+Pk2+Pk4+EqBk0,kmin-0.0_kmax-Bk=0.4__Pk=0.4,"Pk<0.4, Bk<0.4",22,0.75175,2.25525,1,0.5977665559296652,0.5977665559296652,0.5977665559296652
Pk0+Pk2+Pk4+EqBk0,kmin-0.0_kmax-Bk=0.4__Pk=0.4,"Pk<0.4, Bk<0.4",23,1.5035,2.25525,1,0.5790037203480065,0.5790037203480065,0.5790037203480065
Pk0+Pk2+Pk4+EqBk0,kmin-0.0_kmax-Bk=0.4__Pk=0.4,"Pk<0.4, Bk<0.4",24,2.25525,2.25525,1,1.1148517144126215,1.1148517144126215,1.1148517144126215
Pk0+Pk2+Pk4+EqBk0,kmin-0.0_kmax-Bk=0.4__Pk=0.4,"Pk<0.4, Bk<0.4",25,3.007,2.25525,1,1.8002347814208743,1.8002347814208743,1.8002347814208743
Pk0+Pk2+Pk4+EqBk0,kmin-0.0_kmax-Bk=0.4__Pk=0.4,"Pk<0.4, Bk<0.4",26,3.75875,2.25525,1,2.148896875558607,2.148896875558607,2.148896875558607
Pk0+Pk2+Pk4+EqBk0,kmin-0.0_kmax-Bk=0.4__Pk=0.4,"Pk<0.4, Bk<0.4",27,4.5105,2.25525,1,2.349179319662026,2.349179319662026,2.349179319662026
Pk0+Pk2+Pk4+EqBk0,kmin-0.0_kmax-Bk=0.4__Pk=0.4,"Pk<0.4, Bk<0.4",28,0.0,3.007,1,1.3348767226545395,1.3348767226545395,1.3348767226545395
Pk0+Pk2+Pk4+EqBk0,kmin-0.0_kmax-Bk=0.4__Pk=0.4,"Pk<0.4, Bk<0.4",29,0.75175,3.007,1,1.0682442267488192,1.0682442267488192,1.0682442267488192
Pk0+Pk2+Pk4+EqBk0,kmin-0.0_kmax-Bk=0.4__Pk=0.4,"Pk<0.4, Bk<0.4",30,1.5035,3.007,1,1.816382405513784,1.816382405513784,1.816382405513784
Pk0+Pk2+Pk4+EqBk0,kmin-0.0_kmax-Bk=0.4__Pk=0.4,"Pk<0.4, Bk<0.4",31,2.25525,3.007,1,2.019402260434725,2.019402260434725,2.019402260434725
Pk0+Pk2+Pk4+EqBk0,kmin-0.0_kmax-Bk=0.4__Pk=0.4,"Pk<0.4, Bk<0.4",32,3.007,3.007,1,1.2809382229526378,1.2809382229526378,1.2809382229526378
Pk0+Pk2+Pk4+EqBk0,kmin-0.0_kmax-Bk=0.4__Pk=0.4,"Pk<0.4, Bk<0.4",33,3.75875,3.007,1,1.4506167391354081,1.4506167391354081,1.4506167391354081
Pk0+Pk2+Pk4+EqBk0,kmin-0.0_kmax-Bk=0.4__Pk=0.4,"Pk<0.4, Bk<0.4",34,4.5105,3.007,1,2.08718845227326,2.08718845227326,2.08718845227326
Pk0+Pk2+Pk4+EqBk0,kmin-0.0_kmax-Bk=0.4__Pk=0.4,"Pk<0.4, Bk<0.4",35,0.0,3.75875,1,1.3081557166995201,1.3081557166995201,1.3081557166995201
Pk0+Pk2+Pk4+EqBk0,kmin-0.0_kmax-Bk=0.4__Pk=0.4,"Pk<0.4, Bk<0.4",36,0.75175,3.75875,1,1.495416023682633,1.495416023682633,1.495416023682633
Pk0+Pk2+Pk4+EqBk0,kmin-0.0_kmax-Bk=0.4__Pk=0.4,"Pk<0.4, Bk<0.4",37,1.5035,3.75875,1,1.4366761532265901,1.4366761532265901,1.4366761532265901
Pk0+Pk2+Pk4+EqBk0,kmin-0.0_kmax-Bk=0.4__Pk=0.4,"Pk<0.4, Bk<0.4",38,2.25525,3.75875,1,1.516601485100106,1.516601485100106,1.516601485100106
Pk0+Pk2+Pk4+EqBk0,kmin-0.0_kmax-Bk=0.4__Pk=0.4,"Pk<0.4, Bk<0.4",39,3.007,3.75875,1,1.3888914302081292,1.3888914302081292,1.3888914302081292
Pk0+Pk2+Pk4+EqBk0,kmin-0.0_kmax-Bk=0.4__Pk=0.4,"Pk<0.4, Bk<0.4",40,3.75875,3.75875,1,1.207637983943858,1.207637983943858,1.207637983943858
Pk0+Pk2+Pk4+EqBk0,kmin-0.0_kmax-Bk=0.4__Pk=0.4,"Pk<0.4, Bk<0.4",41,4.5105,3.75875,1,1.50528389931473,1.50528389931473,1.50528389931473
Pk0+Pk2+Pk4+EqBk0,kmin-0.0_kmax-Bk=0.4__Pk=0.4,"Pk<0.4, Bk<0.4",42,0.0,4.5105,1,1.2444595757741672,1.2444595757741672,1.2444595757741672
Pk0+Pk2+Pk4+EqBk0,kmin-0.0_kmax-Bk=0.4__Pk=0.4,"Pk<0.4, Bk<0.4",43,0.75175,4.5105,1,1.1419475993038126,1.1419475993038126,1.1419475993038126
Pk0+Pk2+Pk4+EqBk0,kmin-0.0_kmax-Bk=0.4__Pk=0.4,"Pk<0.4, Bk<0.4",44,1.5035,4.5105,1,1.22753061869112,1.22753061869112,1.22753061869112
Pk0+Pk2+Pk4+EqBk0,kmin-0.0_kmax-Bk=0.4__Pk=0.4,"Pk<0.4, Bk<0.4",45,2.25525,4.5105,1,0.9478286906968788,0.9478286906968788,0.9478286906968788
Pk0+Pk2+Pk4+EqBk0,kmin-0.0_kmax-Bk=0.4__Pk=0.4,"Pk<0.4, Bk<0.4",46,3.007,4.5105,1,1.163302429920296,1.163302429920296,1.163302429920296
Pk0+Pk2+Pk4+EqBk0,kmin-0.0_kmax-Bk=0.4__Pk=0.4,"Pk<0.4, Bk<0.4",47,3.75875,4.5105,1,0.9178493219216112,0.9178493219216112,0.9178493219216112
Pk0+Pk2+Pk4+EqBk0,kmin-0.0_kmax-Bk=0.4__Pk=0.4,"Pk<0.4, Bk<0.4",48,4.5105,4.5105,1,0.8064221953766804,0.8064221953766804,0.8064221953766804
Pk0+Pk2+Pk4+EqBk0,kmin-0.0_kmax-Bk=0.2__Pk=0.6,"Pk<0.6, Bk<0.2",0,0.0,0.0,1,1.0290838250993115,1.0290838250993115,1.0290838250993115
Pk0+Pk2+Pk4+EqBk0,kmin-0.0_kmax-Bk=0.2__Pk=0.6,"Pk<0.6, Bk<0.2",1,0.75175,0.0,1,1.1312832450939398,1.1312832450939398,1.1312832450939398
Pk0+Pk2+Pk4+EqBk0,kmin-0.0_kmax-Bk=0.2__Pk=0.6,"Pk<0.6, Bk<0.2",2,1.5035,0.0,1,1.0464990326750228,1.0464990326750228,1.0464990326750228
Pk0+Pk2+Pk4+EqBk0,kmin-0.0_kmax-Bk=0.2__Pk=0.6,"Pk<0.6, Bk<0.2",3,2.25525,0.0,1,1.20101023879497,1.20101023879497,1.20101023879497
Pk0+Pk2+Pk4+EqBk0,kmin-0.0_kmax-Bk=0.2__Pk=0.6,"Pk<0.6, Bk<0.2",4,3.007,0.0,1,1.170673674890763,1.170673674890763,1.170673674890763
Pk0+Pk2+Pk4+EqBk0,kmin-0.0_kmax-Bk=0.2__Pk=0.6,"Pk<0.6, Bk<0.2",5,3.75875,0.0,1,1.6433234490537159,1.6433234490537159,1.6433234490537159
Pk0+Pk2+Pk4+EqBk0,kmin-0.0_kmax-Bk=0.2__Pk=0.6,"Pk<0.6, Bk<0.2",6,4.5105,0.0,1,2.3964147315411792,2.3964147315411792,2.3964147315411792
Pk0+Pk2+Pk4+EqBk0,kmin-0.0_kmax-Bk=0.2__Pk=0.6,"Pk<0.6, Bk<0.2",7,0.0,0.75175,1,1.0947767585426347,1.0947767585426347,1.0947767585426347
Pk0+Pk2+Pk4+EqBk0,kmin-0.0_kmax-Bk=0.2__Pk=0.6,"Pk<0.6, Bk<0.2",8,0.75175,0.75175,1,1.104983768380243,1.104983768380243,1.104983768380243
Pk0+Pk2+Pk4+EqBk0,kmin-0.0_kmax-Bk=0.2__Pk=0.6,"Pk<0.6, Bk<0.2",9,1.5035,0.75175,1,1.0600111652111108,1.0600111652111108,1.0600111652111108
Pk0+Pk2+Pk4+EqBk0,kmin-0.0_kmax-Bk=0.2__Pk=0.6,"Pk<0.6, Bk<0.2",10,2.25525,0.75175,1,1.164567901815469,1.164567901815469,1.164567901815469
Pk0+Pk2+Pk4+EqBk0,kmin-0.0_kmax-Bk=0.2__Pk=0.6,"Pk<0.6, Bk<0.2",11,3.007,0.75175,1,1.3456661261751814,1.3456661261751814,1.3456661261751814
Pk0+Pk2+Pk4+EqBk0,kmin-0.0_kmax-Bk=0.2__Pk=0.6,"Pk<0.6, Bk<0.2",12,3.75875,0.75175,1,1.6584982914133148,1.6584982914133148,1.6584982914133148
Pk0+Pk2+Pk4+EqBk0,kmin-0.0_kmax-Bk=0.2__Pk=0.6,"Pk<0.6, Bk<0.2",13,4.5105,0.75175,1,2.4825393080902103,2.4825393080902103,2.4825393080902103
Pk0+Pk2+Pk4+EqBk0,kmin-0.0_kmax-Bk=0.2__Pk=0.6,"Pk<0.6, Bk<0.2",14,0.0,1.5035,1,1.0074550711895898,1.0074550711895898,1.0074550711895898
Pk0+Pk2+Pk4+EqBk0,kmin-0.0_kmax-Bk=0.2__Pk=0.6,"Pk<0.6, Bk<0.2",15,0.75175,1.5035,1,1.0570985493070078,1.0570985493070078,1.0570985493070078
Pk0+Pk2+Pk4+EqBk0,kmin-0.0_kmax-Bk=0.2__Pk=0.6,"Pk<0.6, Bk<0.2",16,1.5035,1.5035,1,1.1108775743588966,1.1108775743588966,1.1108775743588966
Pk0+Pk2+Pk4+EqBk0,kmin-0.0_kmax-Bk=0.2__Pk=0.6,"Pk<0.6, Bk<0.2",17,2.25525,1.5035,1,1.2653163298003645,1.2653163298003645,1.2653163298003645
Pk0+Pk2+Pk4+EqBk0,kmin-0.0_kmax-Bk=0.2__Pk=0.6,"Pk<0.6, Bk<0.2",18,3.007,1.5035,1,1.2831332572834107,1.2831332572834107,1.2831332572834107
Pk0+Pk2+Pk4+EqBk0,kmin-0.0_kmax-Bk=0.2__Pk=0.6,"Pk<0.6, Bk<0.2",19,3.75875,1.5035,1,2.183129236659396,2.183129236659396,2.183129236659396
Pk0+Pk2+Pk4+EqBk0,kmin-0.0_kmax-Bk=0.2__Pk=0.6,"Pk<0.6, Bk<0.2",20,4.5105,1.5035,1,2.5818661269900804,2.5818661269900804,2.5818661269900804
Pk0+Pk2+Pk4+EqBk0,kmin-0.0_kmax-Bk=0.2__Pk=0.6,"Pk<0.6, Bk<0.2",21,0.0,2.25525,1,1.0998826246640698,1.0998826246640698,1.0998826246640698
Pk0+Pk2+Pk4+EqBk0,kmin-0.0_kmax-Bk=0.2__Pk=0.6,"Pk<0.6, Bk<0.2",22,0.75175,2.25525,1,1.0656250413549244,1.0656250413549244,1.0656250413549244
Pk0+Pk2+Pk4+EqBk0,kmin-0.0_kmax-Bk=0.2__Pk=0.6,"Pk<0.6, Bk<0.2",23,1.5035,2.25525,1,1.09777505701605,1.09777505701605,1.09777505701605
Pk0+Pk2+Pk4+EqBk0,kmin-0.0_kmax-Bk=0.2__Pk=0.6,"Pk<0.6, Bk<0.2",24,2.25525,2.25525,1,1.5560846730638827,1.5560846730638827,1.5560846730638827
Pk0+Pk2+Pk4+EqBk0,kmin-0.0_kmax-Bk=0.2__Pk=0.6,"Pk<0.6, Bk<0.2",25,3.007,2.25525,1,2.1637078669224326,2.1637078669224326,2.1637078669224326
Pk0+Pk2+Pk4+EqBk0,kmin-0.0_kmax-Bk=0.2__Pk=0.6,"Pk<0.6, Bk<0.2",26,3.75875,2.25525,1,2.187613853081816,2.187613853081816,2.187613853081816
Pk0+Pk2+Pk4+EqBk0,kmin-0.0_kmax-Bk=0.2__Pk=0.6,"Pk<0.6, Bk<0.2",27,4.5105,2.25525,1,2.4637875182307334,2.4637875182307334,2.4637875182307334
Pk0+Pk2+Pk4+EqBk0,kmin-0.0_kmax-Bk=0.2__Pk=0.6,"Pk<0.6, Bk<0.2",28,0.0,3.007,1,1.4553225668792171,1.4553225668792171,1.4553225668792171
Pk0+Pk2+Pk4+EqBk0,kmin-0.0_kmax-Bk=0.2__Pk=0.6,"Pk<0.6, Bk<0.2",29,0.75175,3.007,1,1.4578747056846604,1.4578747056846604,1.4578747056846604
Pk0+Pk2+Pk4+EqBk0,kmin-0.0_kmax-Bk=0.2__Pk=0.6,"Pk<0.6, Bk<0.2",30,1.5035,3.007,1,1.669004655983988,1.669004655983988,1.669004655983988
Pk0+Pk2+Pk4+EqBk0,kmin-0.0_kmax-Bk=0.2__Pk=0.6,"Pk<0.6, Bk<0.2",31,2.25525,3.007,1,1.8504127533846775,1.8504127533846775,1.8504127533846775
Pk0+Pk2+Pk4+EqBk0,kmin-0.0_kmax-Bk=0.2__Pk=0.6,"Pk<0.6, Bk<0.2",32,3.007,3.007,1,1.9416722076319843,1.9416722076319843,1.9416722076319843
Pk0+Pk2+Pk4+EqBk0,kmin-0.0_kmax-Bk=0.2__Pk=0.6,"Pk<0.6, Bk<0.2",33,3.75875,3.007,1,2.204833783646414,2.204833783646414,2.204833783646414
Pk0+Pk2+Pk4+EqBk0,kmin-0.0_kmax-Bk=0.2__Pk=0.6,"Pk<0.6, Bk<0.2",34,4.5105,3.007,1,2.3393133354702367,2.3393133354702367,2.3393133354702367
Pk0+Pk2+Pk4+EqBk0,kmin-0.0_kmax-Bk=0.2__Pk=0.6,"Pk<0.6, Bk<0.2",35,0.0,3.75875,1,1.3873097659998384,1.3873097659998384,1.3873097659998384
Pk0+Pk2+Pk4+EqBk0,kmin-0.0_kmax-Bk=0.2__Pk=0.6,"Pk<0.6, Bk<0.2",36,0.75175,3.75875,1,1.4646727430427382,1.4646727430427382,1.4646727430427382
Pk0+Pk2+Pk4+EqBk0,kmin-0.0_kmax-Bk=0.2__Pk=0.6,"Pk<0.6, Bk<0.2",37,1.5035,3.75875,1,1.5329767038363327,1.5329767038363327,1.5329767038363327
Pk0+Pk2+Pk4+EqBk0,kmin-0.0_kmax-Bk=0.2__Pk=0.6,"Pk<0.6, Bk<0.2",38,2.25525,3.75875,1,1.7271134072604086,1.7271134072604086,1.7271134072604086
Pk0+Pk2+Pk4+EqBk0,kmin-0.0_kmax-Bk=0.2__Pk=0.6,"Pk<0.6, Bk<0.2",39,3.007,3.75875,1,1.6850875504027887,1.6850875504027887,1.6850875504027887
Pk0+Pk2+Pk4+EqBk0,kmin-0.0_kmax-Bk=0.2__Pk=0.6,"Pk<0.6, Bk<0.2",40,3.75875,3.75875,1,1.2887603527237008,1.2887603527237008,1.2887603527237008
Pk0+Pk2+Pk4+EqBk0,kmin-0.0_kmax-Bk=0.2__Pk=0.6,"Pk<0.6, Bk<0.2",41,4.5105,3.75875,1,1.2764096094196402,1.2764096094196402,1.2764096094196402
Pk0+Pk2+Pk4+EqBk0,kmin-0.0_kmax-Bk=0.2__Pk=0.6,"Pk<0.6, Bk<0.2",42,0.0,4.5105,1,1.6667314075831878,1.6667314075831878,1.6667314075831878
Pk0+Pk2+Pk4+EqBk0,kmin-0.0_kmax-Bk=0.2__Pk=0.6,"Pk<0.6, Bk<0.2",43,0.75175,4.5105,1,1.6029378134142587,1.6029378134142587,1.6029378134142587
Pk0+Pk2+Pk4+EqBk0,kmin-0.0_kmax-Bk=0.2__Pk=0.6,"Pk<0.6, Bk<0.2",44,1.5035,4.5105,1,1.6467717388416758,1.6467717388416758,1.6467717388416758
Pk0+Pk2+Pk4+EqBk0,kmin-0.0_kmax-Bk=0.2__Pk=0.6,"Pk<0.6, Bk<0.2",45,2.25525,4.5105,1,1.4934162514496825,1.4934162514496825,1.4934162514496825
Pk0+Pk2+Pk4+EqBk0,kmin-0.0_kmax-Bk=0.2__Pk=0.6,"Pk<0.6, Bk<0.2",46,3.007,4.5105,1,1.3279204477130246,1.3279204477130246,1.3279204477130246
Pk0+Pk2+Pk4+EqBk0,kmin-0.0_kmax-Bk=0.2__Pk=0.6,"Pk<0.6, Bk<0.2",47,3.75875,4.5105,1,1.081649579946914,1.081649579946914,1.081649579946914
Pk0+Pk2+Pk4+EqBk0,kmin-0.0_kmax-Bk=0.2__Pk=0.6,"Pk<0.6, Bk<0.2",48,4.5105,4.5105,1,1.1486820898793493,1.1486820898793493,1.1486820898793493
Pk0+Pk2+Pk4+SqBk0,kmin-0.0_kmax-Bk=0.2__Pk=0.2,"Pk<0.2, Bk<0.2",0,0.0,0.0,1,0.7817442200820283,0.7817442200820283,0.7817442200820283
Pk0+Pk2+Pk4+SqBk0,kmin-0.0_kmax-Bk=0.2__Pk=0.2,"Pk<0.2, Bk<0.2",1,0.75175,0.0,1,0.7720587702965571,0.7720587702965571,0.7720587702965571
Pk0+Pk2+Pk4+SqBk0,kmin-0.0_kmax-Bk=0.2__Pk=0.2,"Pk<0.2, Bk<0.2",2,1.5035,0.0,1,0.7986038301699167,0.7986038301699167,0.7986038301699167
Pk0+Pk2+Pk4+SqBk0,kmin-0.0_kmax-Bk=0.2__Pk=0.2,"Pk<0.2, Bk<0.2",3,2.25525,0.0,1,0.871309087985232,0.871309087985232,0.871309087985232
Pk0+Pk2+Pk4+SqBk0,kmin-0.0_kmax-Bk=0.2__Pk=0.2,"Pk<0.2, Bk<0.2",4,3.007,0.0,1,0.9371126927903752,0.9371126927903752,0.9371126927903752
Pk0+Pk2+Pk4+SqBk0,kmin-0.0_kmax-Bk=0.2__Pk=0.2,"Pk<0.2, Bk<0.2",5,3.75875,0.0,1,1.1972191659482403,1.1972191659482403,1.1972191659482403
Pk0+Pk2+Pk4+SqBk0,kmin-0.0_kmax-Bk=0.2__Pk=0.2,"Pk<0.2, Bk<0.2",6,4.5105,0.0,1,1.5447346090635177,1.5447346090635177,1.5447346090635177
Pk0+Pk2+Pk4+SqBk0,kmin-0.0_kmax-Bk=0.2__Pk=0.2,"Pk<0.2, Bk<0.2",7,0.0,0.75175,1,0.7768358906167506,0.7768358906167506,0.7768358906167506
Pk0+Pk2+Pk4+SqBk0,kmin-0.0_kmax-Bk=0.2__Pk=0.2,"Pk<0.2, Bk<0.2",8,0.75175,0.75175,1,0.81260290407222,0.81260290407222,0.81260290407222
Pk0+Pk2+Pk4+SqBk0,kmin-0.0_kmax-Bk=0.2__Pk=0.2,"Pk<0.2, Bk<0.2",9,1.5035,0.75175,1,0.8103031889633194,0.8103031889633194,0.8103031889633194
Pk0+Pk2+Pk4+SqBk0,kmin-0.0_kmax-Bk=0.2__Pk=0.2,"Pk<0.2, Bk<0.2",10,2.25525,0.75175,1,0.7857027083955664,0.7857027083955664,0.7857027083955664
Pk0+Pk2+Pk4+SqBk0,kmin-0.0_kmax-Bk=0.2__Pk=0.2,"Pk<0.2, Bk<0.2",11,3.007,0.75175,1,0.993524630489916,0.993524630489916,0.993524630489916
Pk0+Pk2+Pk4+SqBk0,kmin-0.0_kmax-Bk=0.2__Pk=0.2,"Pk<0.2, Bk<0.2",12,3.75875,0.75175,1,1.1669221160546086,1.1669221160546086,1.1669221160546086
Pk0+Pk2+Pk4+SqBk0,kmin-0.0_kmax-Bk=0.2__Pk=0.2,"Pk<0.2, Bk<0.2",13,4.5105,0.75175,1,1.568971102828502,1.568971102828502,1.568971102828502
Pk0+Pk2+Pk4+SqBk0,kmin-0.0_kmax-Bk=0.2__Pk=0.2,"Pk<0.2, Bk<0.2",14,0.0,1.5035,1,0.7264377696581961,0.7264377696581961,0.7264377696581961
Pk0+Pk2+Pk4+SqBk0,kmin-0.0_kmax-Bk=0.2__Pk=0.2,"Pk<0.2, Bk<0.2",15,0.75175,1.5035,1,0.6796221176570058,0.6796221176570058,0.6796221176570058
Pk0+Pk2+Pk4+SqBk0,kmin-0.0_kmax-Bk=0.2__Pk=0.2,"Pk<0.2, Bk<0.2",16,1.5035,1.5035,1,0.7541468769864572,0.7541468769864572,0.7541468769864572
Pk0+Pk2+Pk4+SqBk0,kmin-0.0_kmax-Bk=0.2__Pk=0.2,"Pk<0.2, Bk<0.2",17,2.25525,1.5035,1,0.9070285734229547,0.9070285734229547,0.9070285734229547
Pk0+Pk2+Pk4+SqBk0,kmin-0.0_kmax-Bk=0.2__Pk=0.2,"Pk<0.2, Bk<0.2",18,3.007,1.5035,1,1.0257688878804567,1.0257688878804567,1.0257688878804567
Pk0+Pk2+Pk4+SqBk0,kmin-0.0_kmax-Bk=0.2__Pk=0.2,"Pk<0.2, Bk<0.2",19,3.75875,1.5035,1,1.4561894780903963,1.4561894780903963,1.4561894780903963
Pk0+Pk2+Pk4+SqBk0,kmin-0.0_kmax-Bk=0.2__Pk=0.2,"Pk<0.2, Bk<0.2",20,4.5105,1.5035,1,1.5544610523781002,1.5544610523781002,1.5544610523781002
Pk0+Pk2+Pk4+SqBk0,kmin-0.0_kmax-Bk=0.2__Pk=0.2,"Pk<0.2, Bk<0.2",21,0.0,2.25525,1,0.761307722574939,0.761307722574939,0.761307722574939
Pk0+Pk2+Pk4+SqBk0,kmin-0.0_kmax-Bk=0.2__Pk=0.2,"Pk<0.2, Bk<0.2",22,0.75175,2.25525,1,0.7210395596909343,0.7210395596909343,0.7210395596909343
Pk0+Pk2+Pk4+SqBk0,kmin-0.0_kmax-Bk=0.2__Pk=0.2,"Pk<0.2, Bk<0.2",23,1.5035,2.25525,1,0.8183021567420682,0.8183021567420682,0.8183021567420682
Pk0+Pk2+Pk4+SqBk0,kmin-0.0_kmax-Bk=0.2__Pk=0.2,"Pk<0.2, Bk<0.2",24,2.25525,2.25525,1,0.9493775596619912,0.9493775596619912,0.9493775596619912
Pk0+Pk2+Pk4+SqBk0,kmin-0.0_kmax-Bk=0.2__Pk=0.2,"Pk<0.2, Bk<0.2",25,3.007,2.25525,1,1.2442642229576715,1.2442642229576715,1.2442642229576715
Pk0+Pk2+Pk4+SqBk0,kmin-0.0_kmax-Bk=0.2__Pk=0.2,"Pk<0.2, Bk<0.2",26,3.75875,2.25525,1,1.3318710920941554,1.3318710920941554,1.3318710920941554
Pk0+Pk2+Pk4+SqBk0,kmin-0.0_kmax-Bk=0.2__Pk=0.2,"Pk<0.2, Bk<0.2",27,4.5105,2.25525,1,1.5034915540830758,1.5034915540830758,1.5034915540830758
Pk0+Pk2+Pk4+SqBk0,kmin-0.0_kmax-Bk=0.2__Pk=0.2,"Pk<0.2, Bk<0.2",28,0.0,3.007,1,0.859246546201401,0.859246546201401,0.859246546201401
Pk0+Pk2+Pk4+SqBk0,kmin-0.0_kmax-Bk=0.2__Pk=0.2,"Pk<0.2, Bk<0.2",29,0.75175,3.007,1,0.8315718477522093,0.8315718477522093,0.8315718477522093
Pk0+Pk2+Pk4+SqBk0,kmin-0.0_kmax-Bk=0.2__Pk=0.2,"Pk<0.2, Bk<0.2",30,1.5035,3.007,1,0.9940896453913387,0.9940896453913387,0.9940896453913387
Pk0+Pk2+Pk4+SqBk0,kmin-0.0_kmax-Bk=0.2__Pk=0.2,"Pk<0.2, Bk<0.2",31,2.25525,3.007,1,1.1104300465091757,1.1104300465091757,1.1104300465091757
Pk0+Pk2+Pk4+SqBk0,kmin-0.0_kmax-Bk=0.2__Pk=0.2,"Pk<0.2, Bk<0.2",32,3.007,3.007,1,1.1675553664529916,1.1675553664529916,1.1675553664529916
Pk0+Pk2+Pk4+SqBk0,kmin-0.0_kmax-Bk=0.2__Pk=0.2,"Pk<0.2, Bk<0.2",33,3.75875,3.007,1,1.2214638549731593,1.2214638549731593,1.2214638549731593
Pk0+Pk2+Pk4+SqBk0,kmin-0.0_kmax-Bk=0.2__Pk=0.2,"Pk<0.2, Bk<0.2",34,4.5105,3.007,1,1.3943921968146118,1.3943921968146118,1.3943921968146118
Pk0+Pk2+Pk4+SqBk0,kmin-0.0_kmax-Bk=0.2__Pk=0.2,"Pk<0.2, Bk<0.2",35,0.0,3.75875,1,0.9684075729823372,0.9684075729823372,0.9684075729823372
Pk0+Pk2+Pk4+SqBk0,kmin-0.0_kmax-Bk=0.2__Pk=0.2,"Pk<0.2, Bk<0.2",36,0.75175,3.75875,1,1.0072007807497616,1.0072007807497616,1.0072007807497616
Pk0+Pk2+Pk4+SqBk0,kmin-0.0_kmax-Bk=0.2__Pk=0.2,"Pk<0.2, Bk<0.2",37,1.5035,3.75875,1,1.0339197599816479,1.0339197599816479,1.0339197599816479
Pk0+Pk2+Pk4+SqBk0,kmin-0.0_kmax-Bk=0.2__Pk=0.2,"Pk<0.2, Bk<0.2",38,2.25525,3.75875,1,1.139470074917807,1.139470074917807,1.139470074917807
Pk0+Pk2+Pk4+SqBk0,kmin-0.0_kmax-Bk=0.2__Pk=0.2,"Pk<0.2, Bk<0.2",39,3.007,3.75875,1,1.1236692421555035,1.1236692421555035,1.1236692421555035
Pk0+Pk2+Pk4+SqBk0,kmin-0.0_kmax-Bk=0.2__Pk=0.2,"Pk<0.2, Bk<0.2",40,3.75875,3.75875,1,1.1437013807297807,1.1437013807297807,1.1437013807297807
Pk0+Pk2+Pk4+SqBk0,kmin-0.0_kmax-Bk=0.2__Pk=0.2,"Pk<0.2, Bk<0.2",41,4.5105,3.75875,1,1.3570452974660299,1.3570452974660299,1.3570452974660299
Pk0+Pk2+Pk4+SqBk0,kmin-0.0_kmax-Bk=0.2__Pk=0.2,"Pk<0.2, Bk<0.2",42,0.0,4.5105,1,1.0169040916139154,1.0169040916139154,1.0169040916139154
Pk0+Pk2+Pk4+SqBk0,kmin-0.0_kmax-Bk=0.2__Pk=0.2,"Pk<0.2, Bk<0.2",43,0.75175,4.5105,1,1.059027740496484,1.059027740496484,1.059027740496484
Pk0+Pk2+Pk4+SqBk0,kmin-0.0_kmax-Bk=0.2__Pk=0.2,"Pk<0.2, Bk<0.2",44,1.5035,4.5105,1,1.0416593740006974,1.0416593740006974,1.0416593740006974
Pk0+Pk2+Pk4+SqBk0,kmin-0.0_kmax-Bk=0.2__Pk=0.2,"Pk<0.2, Bk<0.2",45,2.25525,4.5105,1,1.1432357329085179,1.1432357329085179,1.1432357329085179
Pk0+Pk2+Pk4+SqBk0,kmin-0.0_kmax-Bk=0.2__Pk=0.2,"Pk<0.2, Bk<0.2",46,3.007,4.5105,1,1.170138522130939,1.170138522130939,1.170138522130939
Pk0+Pk2+Pk4+SqBk0,kmin-0.0_kmax-Bk=0.2__Pk=0.2,"Pk<0.2, Bk<0.2",47,3.75875,4.5105,1,1.2232587383997409,1.2232587383997409,1.2232587383997409
Pk0+Pk2+Pk4+SqBk0,kmin-0.0_kmax-Bk=0.2__Pk=0.2,"Pk<0.2, Bk<0.2",48,4.5105,4.5105,1,1.2595676348708,1.2595676348708,1.2595676348708
Pk0+Pk2+Pk4+SqBk0,kmin-0.0_kmax-Bk=0.2__Pk=0.4,"Pk<0.4, Bk<0.2",0,0.0,0.0,1,1.2674238214329623,1.2674238214329623,1.2674238214329623
Pk0+Pk2+Pk4+SqBk0,kmin-0.0_kmax-Bk=0.2__Pk=0.4,"Pk<0.4, Bk<0.2",1,0.75175,0.0,1,1.301985437266973,1.301985437266973,1.301985437266973
Pk0+Pk2+Pk4+SqBk0,kmin-0.0_kmax-Bk=0.2__Pk=0.4,"Pk<0.4, Bk<0.2",2,1.5035,0.0,1,1.3695262918722155,1.3695262918722155,1.3695262918722155
Pk0+Pk2+Pk4+SqBk0,kmin-0.0_kmax-Bk=0.2__Pk=0.4,"Pk<0.4, Bk<0.2",3,2.25525,0.0,1,1.3733333037321742,1.3733333037321742,1.3733333037321742
Pk0+Pk2+Pk4+SqBk0,kmin-0.0_kmax-Bk=0.2__Pk=0.4,"Pk<0.4, Bk<0.2",4,3.007,0.0,1,1.5335220781438152,1.5335220781438152,1.5335220781438152
Pk0+Pk2+Pk4+SqBk0,kmin-0.0_kmax-Bk=0.2__Pk=0.4,"Pk<0.4, Bk<0.2",5,3.75875,0.0,1,1.705234104525726,1.705234104525726,1.705234104525726
Pk0+Pk2+Pk4+SqBk0,kmin-0.0_kmax-Bk=0.2__Pk=0.4,"Pk<0.4, Bk<0.2",6,4.5105,0.0,1,1.9092238434327908,1.9092238434327908,1.9092238434327908
Pk0+Pk2+Pk4+SqBk0,kmin-0.0_kmax-Bk=0.2__Pk=0.4,"Pk<0.4, Bk<0.2",7,0.0,0.75175,1,1.2425108140728884,1.2425108140728884,1.2425108140728884
Pk0+Pk2+Pk4+SqBk0,kmin-0.0_kmax-Bk=0.2__Pk=0.4,"Pk<0.4, Bk<0.2",8,0.75175,0.75175,1,1.3007438656156043,1.3007438656156043,1.3007438656156043
Pk0+Pk2+Pk4+SqBk0,kmin-0.0_kmax-Bk=0.2__Pk=0.4,"Pk<0.4, Bk<0.2",9,1.5035,0.75175,1,1.4120517812462836,1.4120517812462836,1.4120517812462836
Pk0+Pk2+Pk4+SqBk0,kmin-0.0_kmax-Bk=0.2__Pk=0.4,"Pk<0.4, Bk<0.2",10,2.25525,0.75175,1,1.4258003790201303,1.4258003790201303,1.4258003790201303
Pk0+Pk2+Pk4+SqBk0,kmin-0.0_kmax-Bk=0.2__Pk=0.4,"Pk<0.4, Bk<0.2",11,3.007,0.75175,1,1.5895989706835594,1.5895989706835594,1.5895989706835594
Pk0+Pk2+Pk4+SqBk0,kmin-0.0_kmax-Bk=0.2__Pk=0.4,"Pk<0.4, Bk<0.2",12,3.75875,0.75175,1,1.8530772023801358,1.8530772023801358,1.8530772023801358
Pk0+Pk2+Pk4+SqBk0,kmin-0.0_kmax-Bk=0.2__Pk=0.4,"Pk<0.4, Bk<0.2",13,4.5105,0.75175,1,1.9764870782307205,1.9764870782307205,1.9764870782307205
Pk0+Pk2+Pk4+SqBk0,kmin-0.0_kmax-Bk=0.2__Pk=0.4,"Pk<0.4, Bk<0.2",14,0.0,1.5035,1,1.238231380967948,1.238231380967948,1.238231380967948
Pk0+Pk2+Pk4+SqBk0,kmin-0.0_kmax-Bk=0.2__Pk=0.4,"Pk<0.4, Bk<0.2",15,0.75175,1.5035,1,1.3760482848199829,1.3760482848199829,1.3760482848199829
Pk0+Pk2+Pk4+SqBk0,kmin-0.0_kmax-Bk=0.2__Pk=0.4,"Pk<0.4, Bk<0.2",16,1.5035,1.5035,1,1.4069617604995066,1.4069617604995066,1.4069617604995066
Pk0+Pk2+Pk4+SqBk0,kmin-0.0_kmax-Bk=0.2__Pk=0.4,"Pk<0.4, Bk<0.2",17,2.25525,1.5035,1,1.4401160640995954,1.4401160640995954,1.4401160640995954
Pk0+Pk2+Pk4+SqBk0,kmin-0.0_kmax-Bk=0.2__Pk=0.4,"Pk<0.4, Bk<0.2",18,3.007,1.5035,1,1.5980318702148613,1.5980318702148613,1.5980318702148613
Pk0+Pk2+Pk4+SqBk0,kmin-0.0_kmax-Bk=0.2__Pk=0.4,"Pk<0.4, Bk<0.2",19,3.75875,1.5035,1,1.9702529082534062,1.9702529082534062,1.9702529082534062
Pk0+Pk2+Pk4+SqBk0,kmin-0.0_kmax-Bk=0.2__Pk=0.4,"Pk<0.4, Bk<0.2",20,4.5105,1.5035,1,2.036630157030026,2.036630157030026,2.036630157030026
Pk0+Pk2+Pk4+SqBk0,kmin-0.0_kmax-Bk=0.2__Pk=0.4,"Pk<0.4, Bk<0.2",21,0.0,2.25525,1,1.3667714151145476,1.3667714151145476,1.3667714151145476
Pk0+Pk2+Pk4+SqBk0,kmin-0.0_kmax-Bk=0.2__Pk=0.4,"Pk<0.4, Bk<0.2",22,0.75175,2.25525,1,1.3297701681129703,1.3297701681129703,1.3297701681129703
Pk0+Pk2+Pk4+SqBk0,kmin-0.0_kmax-Bk=0.2__Pk=0.4,"Pk<0.4, Bk<0.2",23,1.5035,2.25525,1,1.3272615901035008,1.3272615901035008,1.3272615901035008
Pk0+Pk2+Pk4+SqBk0,kmin-0.0_kmax-Bk=0.2__Pk=0.4,"Pk<0.4, Bk<0.2",24,2.25525,2.25525,1,1.7283466931930194,1.7283466931930194,1.7283466931930194
Pk0+Pk2+Pk4+SqBk0,kmin-0.0_kmax-Bk=0.2__Pk=0.4,"Pk<0.4, Bk<0.2",25,3.007,2.25525,1,2.0894502925564473,2.0894502925564473,2.0894502925564473
Pk0+Pk2+Pk4+SqBk0,kmin-0.0_kmax-Bk=0.2__Pk=0.4,"Pk<0.4, Bk<0.2",26,3.75875,2.25525,1,2.178842416499856,2.178842416499856,2.178842416499856
Pk0+Pk2+Pk4+SqBk0,kmin-0.0_kmax-Bk=0.2__Pk=0.4,"Pk<0.4, Bk<0.2",27,4.5105,2.25525,1,2.2923144608862485,2.2923144608862485,2.2923144608862485
Pk0+Pk2+Pk4+SqBk0,kmin-0.0_kmax-Bk=0.2__Pk=0.4,"Pk<0.4, Bk<0.2",28,0.0,3.007,1,1.7674624534304955,1.7674624534304955,1.7674624534304955
Pk0+Pk2+Pk4+SqBk0,kmin-0.0_kmax-Bk=0.2__Pk=0.4,"Pk<0.4, Bk<0.2",29,0.75175,3.007,1,1.798658806235983,1.798658806235983,1.798658806235983
Pk0+Pk2+Pk4+SqBk0,kmin-0.0_kmax-Bk=0.2__Pk=0.4,"Pk<0.4, Bk<0.2",30,1.5035,3.007,1,1.8262496413753184,1.8262496413753184,1.8262496413753184
Pk0+Pk2+Pk4+SqBk0,kmin-0.0_kmax-Bk=0.2__Pk=0.4,"Pk<0.4, Bk<0.2",31,2.25525,3.007,1,1.8543635288456553,1.8543635288456553,1.8543635288456553
Pk0+Pk2+Pk4+SqBk0,kmin-0.0_kmax-Bk=0.2__Pk=0.4,"Pk<0.4, Bk<0.2",32,3.007,3.007,1,1.9192684867323448,1.9192684867323448,1.9192684867323448
Pk0+Pk2+Pk4+SqBk0,kmin-0.0_kmax-Bk=0.2__Pk=0.4,"Pk<0.4, Bk<0.2",33,3.75875,3.007,1,2.0038663108774495,2.0038663108774495,2.0038663108774495
Pk0+Pk2+Pk4+SqBk0,kmin-0.0_kmax-Bk=0.2__Pk=0.4,"Pk<0.4, Bk<0.2",34,4.5105,3.007,1,2.1507926908746886,2.1507926908746886,2.1507926908746886
Pk0+Pk2+Pk4+SqBk0,kmin-0.0_kmax-Bk=0.2__Pk=0.4,"Pk<0.4, Bk<0.2",35,0.0,3.75875,1,2.00290316997134,2.00290316997134,2.00290316997134
Pk0+Pk2+Pk4+SqBk0,kmin-0.0_kmax-Bk=0.2__Pk=0.4,"Pk<0.4, Bk<0.2",36,0.75175,3.75875,1,2.053866441816538,2.053866441816538,2.053866441816538
Pk0+Pk2+Pk4+SqBk0,kmin-0.0_kmax-Bk=0.2__Pk=0.4,"Pk<0.4, Bk<0.2",37,1.5035,3.75875,1,2.031166486130606,2.031166486130606,2.031166486130606
Pk0+Pk2+Pk4+SqBk0,kmin-0.0_kmax-Bk=0.2__Pk=0.4,"Pk<0.4, Bk<0.2",38,2.25525,3.75875,1,2.0286914993314293,2.0286914993314293,2.0286914993314293
Pk0+Pk2+Pk4+SqBk0,kmin-0.0_kmax-Bk=0.2__Pk=0.4,"Pk<0.4, Bk<0.2",39,3.007,3.75875,1,1.9781868119932837,1.9781868119932837,1.9781868119932837
Pk0+Pk2+Pk4+SqBk0,kmin-0.0_kmax-Bk=0.2__Pk=0.4,"Pk<0.4, Bk<0.2",40,3.75875,3.75875,1,2.36447831801398,2.36447831801398,2.36447831801398
Pk0+Pk2+Pk4+SqBk0,kmin-0.0_kmax-Bk=0.2__Pk=0.4,"Pk<0.4, Bk<0.2",41,4.5105,3.75875,1,2.1828635881583365,2.1828635881583365,2.1828635881583365
Pk0+Pk2+Pk4+SqBk0,kmin-0.0_kmax-Bk=0.2__Pk=0.4,"Pk<0.4, Bk<0.2",42,0.0,4.5105,1,2.4575234375390416,2.4575234375390416,2.4575234375390416
Pk0+Pk2+Pk4+SqBk0,kmin-0.0_kmax-Bk=0.2__Pk=0.4,"Pk<0.4, Bk<0.2",43,0.75175,4.5105,1,1.4185766563363846,1.4185766563363846,1.4185766563363846
Pk0+Pk2+Pk4+SqBk0,kmin-0.0_kmax-Bk=0.2__Pk=0.4,"Pk<0.4, Bk<0.2",44,1.5035,4.5105,1,2.333986305368639,2.333986305368639,2.333986305368639
Pk0+Pk2+Pk4+SqBk0,kmin-0.0_kmax-Bk=0.2__Pk=0.4,"Pk<0.4, Bk<0.2",45,2.25525,4.5105,1,1.3623884135895117,1.3623884135895117,1.3623884135895117
Pk0+Pk2+Pk4+SqBk0,kmin-0.0_kmax-Bk=0.2__Pk=0.4,"Pk<0.4, Bk<0.2",46,3.007,4.5105,1,2.1603691706260335,2.1603691706260335,2.1603691706260335
Pk0+Pk2+Pk4+SqBk0,kmin-0.0_kmax-Bk=0.2__Pk=0.4,"Pk<0.4, Bk<0.2",47,3.75875,4.5105,1,2.175391812482823,2.175391812482823,2.175391812482823
Pk0+Pk2+Pk4+SqBk0,kmin-0.0_kmax-Bk=0.2__Pk=0.4,"Pk<0.4, Bk<0.2",48,4.5105,4.5105,1,1.3249633557395493,1.3249633557395493,1.3249633557395493
Pk0+Pk2+Pk4+SqBk0,kmin-0.0_kmax-Bk=0.4__Pk=0.4,"Pk<0.4, Bk<0.4",0,0.0,0.0,1,1.2728969235042407,1.2728969235042407,1.2728969235042407
Pk0+Pk2+Pk4+SqBk0,kmin-0.0_kmax-Bk=0.4__Pk=0.4,"Pk<0.4, Bk<0.4",1,0.75175,0.0,1,1.283599024967229,1.283599024967229,1.283599024967229
Pk0+Pk2+Pk4+SqBk0,kmin-0.0_kmax-Bk=0.4__Pk=0.4,"Pk<0.4, Bk<0.4",2,1.5035,0.0,1,1.3635724572613672,1.3635724572613672,1.3635724572613672
Pk0+Pk2+Pk4+SqBk0,kmin-0.0_kmax-Bk=0.4__Pk=0.4,"Pk<0.4, Bk<0.4",3,2.25525,0.0,1,1.428401286750206,1.428401286750206,1.428401286750206
Pk0+Pk2+Pk4+SqBk0,kmin-0.0_kmax-Bk=0.4__Pk=0.4,"Pk<0.4, Bk<0.4",4,3.007,0.0,1,1.5402162719386816,1.5402162719386816,1.5402162719386816
Pk0+Pk2+Pk4+SqBk0,kmin-0.0_kmax-Bk=0.4__Pk=0.4,"Pk<0.4, Bk<0.4",5,3.75875,0.0,1,1.6903820361777517,1.6903820361777517,1.6903820361777517
Pk0+Pk2+Pk4+SqBk0,kmin-0.0_kmax-Bk=0.4__Pk=0.4,"Pk<0.4, Bk<0.4",6,4.5105,0.0,1,2.13910723562738,2.13910723562738,2.13910723562738
Pk0+Pk2+Pk4+SqBk0,kmin-0.0_kmax-Bk=0.4__Pk=0.4,"Pk<0.4, Bk<0.4",7,0.0,0.75175,1,1.2682805673759774,1.2682805673759774,1.2682805673759774
Pk0+Pk2+Pk4+SqBk0,kmin-0.0_kmax-Bk=0.4__Pk=0.4,"Pk<0.4, Bk<0.4",8,0.75175,0.75175,1,1.2647060316429926,1.2647060316429926,1.2647060316429926
Pk0+Pk2+Pk4+SqBk0,kmin-0.0_kmax-Bk=0.4__Pk=0.4,"Pk<0.4, Bk<0.4",9,1.5035,0.75175,1,1.3372344261497342,1.3372344261497342,1.3372344261497342
Pk0+Pk2+Pk4+SqBk0,kmin-0.0_kmax-Bk=0.4__Pk=0.4,"Pk<0.4, Bk<0.4",10,2.25525,0.75175,1,1.4646989303776787,1.4646989303776787,1.4646989303776787
Pk0+Pk2+Pk4+SqBk0,kmin-0.0_kmax-Bk=0.4__Pk=0.4,"Pk<0.4, Bk<0.4",11,3.007,0.75175,1,1.5098666503826885,1.5098666503826885,1.5098666503826885
Pk0+Pk2+Pk4+SqBk0,kmin-0.0_kmax-Bk=0.4__Pk=0.4,"Pk<0.4, Bk<0.4",12,3.75875,0.75175,1,1.6171786105030506,1.6171786105030506,1.6171786105030506
Pk0+Pk2+Pk4+SqBk0,kmin-0.0_kmax-Bk=0.4__Pk=0.4,"Pk<0.4, Bk<0.4",13,4.5105,0.75175,1,2.069627191986529,2.069627191986529,2.069627191986529
Pk0+Pk2+Pk4+SqBk0,kmin-0.0_kmax-Bk=0.4__Pk=0.4,"Pk<0.4, Bk<0.4",14,0.0,1.5035,1,1.3494561841892176,1.3494561841892176,1.3494561841892176
Pk0+Pk2+Pk4+SqBk0,kmin-0.0_kmax-Bk=0.4__Pk=0.4,"Pk<0.4, Bk<0.4",15,0.75175,1.5035,1,1.410219651479598,1.410219651479598,1.410219651479598
Pk0+Pk2+Pk4+SqBk0,kmin-0.0_kmax-Bk=0.4__Pk=0.4,"Pk<0.4, Bk<0.4",16,1.5035,1.5035,1,1.4171871422037128,1.4171871422037128,1.4171871422037128
Pk0+Pk2+Pk4+SqBk0,kmin-0.0_kmax-Bk=0.4__Pk=0.4,"Pk<0.4, Bk<0.4",17,2.25525,1.5035,1,1.5419726614824993,1.5419726614824993,1.5419726614824993
Pk0+Pk2+Pk4+SqBk0,kmin-0.0_kmax-Bk=0.4__Pk=0.4,"Pk<0.4, Bk<0.4",18,3.007,1.5035,1,1.5747025583109626,1.5747025583109626,1.5747025583109626
Pk0+Pk2+Pk4+SqBk0,kmin-0.0_kmax-Bk=0.4__Pk=0.4,"Pk<0.4, Bk<0.4",19,3.75875,1.5035,1,1.8821936121543807,1.8821936121543807,1.8821936121543807
Pk0+Pk2+Pk4+SqBk0,kmin-0.0_kmax-Bk=0.4__Pk=0.4,"Pk<0.4, Bk<0.4",20,4.5105,1.5035,1,2.259991713839028,2.259991713839028,2.259991713839028
Pk0+Pk2+Pk4+SqBk0,kmin-0.0_kmax-Bk=0.4__Pk=0.4,"Pk<0.4, Bk<0.4",21,0.0,2.25525,1,1.4781773439340764,1.4781773439340764,1.4781773439340764
Pk0+Pk2+Pk4+SqBk0,kmin-0.0_kmax-Bk=0.4__Pk=0.4,"Pk<0.4, Bk<0.4",22,0.75175,2.25525,1,1.4098872677394676,1.4098872677394676,1.4098872677394676
Pk0+Pk2+Pk4+SqBk0,kmin-0.0_kmax-Bk=0.4__Pk=0.4,"Pk<0.4, Bk<0.4",23,1.5035,2.25525,1,1.363803957595657,1.363803957595657,1.363803957595657
Pk0+Pk2+Pk4+SqBk0,kmin-0.0_kmax-Bk=0.4__Pk=0.4,"Pk<0.4, Bk<0.4",24,2.25525,2.25525,1,1.8187752250157638,1.8187752250157638,1.8187752250157638
Pk0+Pk2+Pk4+SqBk0,kmin-0.0_kmax-Bk=0.4__Pk=0.4,"Pk<0.4, Bk<0.4",25,3.007,2.25525,1,2.103822277711666,2.103822277711666,2.103822277711666
Pk0+Pk2+Pk4+SqBk0,kmin-0.0_kmax-Bk=0.4__Pk=0.4,"Pk<0.4, Bk<0.4",26,3.75875,2.25525,1,2.013497917560343,2.013497917560343,2.013497917560343
Pk0+Pk2+Pk4+SqBk0,kmin-0.0_kmax-Bk=0.4__Pk=0.4,"Pk<0.4, Bk<0.4",27,4.5105,2.25525,1,2.3851712380158387,2.3851712380158387,2.3851712380158387
Pk0+Pk2+Pk4+SqBk0,kmin-0.0_kmax-Bk=0.4__Pk=0.4,"Pk<0.4, Bk<0.4",28,0.0,3.007,1,1.6241489915817016,1.6241489915817016,1.6241489915817016
Pk0+Pk2+Pk4+SqBk0,kmin-0.0_kmax-Bk=0.4__Pk=0.4,"Pk<0.4, Bk<0.4",29,0.75175,3.007,1,1.560619278902228,1.560619278902228,1.560619278902228
Pk0+Pk2+Pk4+SqBk0,kmin-0.0_kmax-Bk=0.4__Pk=0.4,"Pk<0.4, Bk<0.4",30,1.5035,3.007,1,1.7052759513959854,1.7052759513959854,1.7052759513959854
Pk0+Pk2+Pk4+SqBk0,kmin-0.0_kmax-Bk=0.4__Pk=0.4,"Pk<0.4, Bk<0.4",31,2.25525,3.007,1,1.88587774561377,1.88587774561377,1.88587774561377
Pk0+Pk2+Pk4+SqBk0,kmin-0.0_kmax-Bk=0.4__Pk=0.4,"Pk<0.4, Bk<0.4",32,3.007,3.007,1,1.9455436258186463,1.9455436258186463,1.9455436258186463
Pk0+Pk2+Pk4+SqBk0,kmin-0.0_kmax-Bk=0.4__Pk=0.4,"Pk<0.4, Bk<0.4",33,3.75875,3.007,1,2.187515502098783,2.187515502098783,2.187515502098783
Pk0+Pk2+Pk4+SqBk0,kmin-0.0_kmax-Bk=0.4__Pk=0.4,"Pk<0.4, Bk<0.4",34,4.5105,3.007,1,2.1984113297866554,2.1984113297866554,2.1984113297866554
Pk0+Pk2+Pk4+SqBk0,kmin-0.0_kmax-Bk=0.4__Pk=0.4,"Pk<0.4, Bk<0.4",35,0.0,3.75875,1,1.7196490947608496,1.7196490947608496,1.7196490947608496
Pk0+Pk2+Pk4+SqBk0,kmin-0.0_kmax-Bk=0.4__Pk=0.4,"Pk<0.4, Bk<0.4",36,0.75175,3.75875,1,1.8132948201131402,1.8132948201131402,1.8132948201131402
Pk0+Pk2+Pk4+SqBk0,kmin-0.0_kmax-Bk=0.4__Pk=0.4,"Pk<0.4, Bk<0.4",37,1.5035,3.75875,1,1.746141385607553,1.746141385607553,1.746141385607553
Pk0+Pk2+Pk4+SqBk0,kmin-0.0_kmax-Bk=0.4__Pk=0.4,"Pk<0.4, Bk<0.4",38,2.25525,3.75875,1,1.9273318595964357,1.9273318595964357,1.9273318595964357
Pk0+Pk2+Pk4+SqBk0,kmin-0.0_kmax-Bk=0.4__Pk=0.4,"Pk<0.4, Bk<0.4",39,3.007,3.75875,1,1.5779216912756944,1.5779216912756944,1.5779216912756944
Pk0+Pk2+Pk4+SqBk0,kmin-0.0_kmax-Bk=0.4__Pk=0.4,"Pk<0.4, Bk<0.4",40,3.75875,3.75875,1,1.3504517635035793,1.3504517635035793,1.3504517635035793
Pk0+Pk2+Pk4+SqBk0,kmin-0.0_kmax-Bk=0.4__Pk=0.4,"Pk<0.4, Bk<0.4",41,4.5105,3.75875,1,1.734772719106115,1.734772719106115,1.734772719106115
Pk0+Pk2+Pk4+SqBk0,kmin-0.0_kmax-Bk=0.4__Pk=0.4,"Pk<0.4, Bk<0.4",42,0.0,4.5105,1,2.0454461853411074,2.0454461853411074,2.0454461853411074
Pk0+Pk2+Pk4+SqBk0,kmin-0.0_kmax-Bk=0.4__Pk=0.4,"Pk<0.4, Bk<0.4",43,0.75175,4.5105,1,2.072748939383155,2.072748939383155,2.072748939383155
Pk0+Pk2+Pk4+SqBk0,kmin-0.0_kmax-Bk=0.4__Pk=0.4,"Pk<0.4, Bk<0.4",44,1.5035,4.5105,1,2.1089154455772148,2.1089154455772148,2.1089154455772148
Pk0+Pk2+Pk4+SqBk0,kmin-0.0_kmax-Bk=0.4__Pk=0.4,"Pk<0.4, Bk<0.4",45,2.25525,4.5105,1,1.8240632319676586,1.8240632319676586,1.8240632319676586
Pk0+Pk2+Pk4+SqBk0,kmin-0.0_kmax-Bk=0.4__Pk=0.4,"Pk<0.4, Bk<0.4",46,3.007,4.5105,1,1.4029141953953508,1.4029141953953508,1.4029141953953508
Pk0+Pk2+Pk4+SqBk0,kmin-0.0_kmax-Bk=0.4__Pk=0.4,"Pk<0.4, Bk<0.4",47,3.75875,4.5105,1,1.478375109714902,1.478375109714902,1.478375109714902
Pk0+Pk2+Pk4+SqBk0,kmin-0.0_kmax-Bk=0.4__Pk=0.4,"Pk<0.4, Bk<0.4",48,4.5105,4.5105,1,1.4001899979862584,1.4001899979862584,1.4001899979862584
Pk0+Pk2+Pk4+SqBk0,kmin-0.0_kmax-Bk=0.2__Pk=0.6,"Pk<0.6, Bk<0.2",0,0.0,0.0,1,1.2249034196102127,1.2249034196102127,1.2249034196102127
Pk0+Pk2+Pk4+SqBk0,kmin-0.0_kmax-Bk=0.2__Pk=0.6,"Pk<0.6, Bk<0.2",1,0.75175,0.0,1,1.2239136437862432,1.2239136437862432,1.2239136437862432
Pk0+Pk2+Pk4+SqBk0,kmin-0.0_kmax-Bk=0.2__Pk=0.6,"Pk<0.6, Bk<0.2",2,1.5035,0.0,1,1.2337412672716925,1.2337412672716925,1.2337412672716925
Pk0+Pk2+Pk4+SqBk0,kmin-0.0_kmax-Bk=0.2__Pk=0.6,"Pk<0.6, Bk<0.2",3,2.25525,0.0,1,1.3499450751145614,1.3499450751145614,1.3499450751145614
Pk0+Pk2+Pk4+SqBk0,kmin-0.0_kmax-Bk=0.2__Pk=0.6,"Pk<0.6, Bk<0.2",4,3.007,0.0,1,1.333703958102533,1.333703958102533,1.333703958102533
Pk0+Pk2+Pk4+SqBk0,kmin-0.0_kmax-Bk=0.2__Pk=0.6,"Pk<0.6, Bk<0.2",5,3.75875,0.0,1,1.3231919735078037,1.3231919735078037,1.3231919735078037
Pk0+Pk2+Pk4+SqBk0,kmin-0.0_kmax-Bk=0.2__Pk=0.6,"Pk<0.6, Bk<0.2",6,4.5105,0.0,1,1.6222051742661332,1.6222051742661332,1.6222051742661332
Pk0+Pk2+Pk4+SqBk0,kmin-0.0_kmax-Bk=0.2__Pk=0.6,"Pk<0.6, Bk<0.2",7,0.0,0.75175,1,1.2194627096836714,1.2194627096836714,1.2194627096836714
Pk0+Pk2+Pk4+SqBk0,kmin-0.0_kmax-Bk=0.2__Pk=0.6,"Pk<0.6, Bk<0.2",8,0.75175,0.75175,1,1.2247852097592475,1.2247852097592475,1.2247852097592475
Pk0+Pk2+Pk4+SqBk0,kmin-0.0_kmax-Bk=0.2__Pk=0.6,"Pk<0.6, Bk<0.2",9,1.5035,0.75175,1,1.299764618322562,1.299764618322562,1.299764618322562
Pk0+Pk2+Pk4+SqBk0,kmin-0.0_kmax-Bk=0.2__Pk=0.6,"Pk<0.6, Bk<0.2",10,2.25525,0.75175,1,1.2993237182009105,1.2993237182009105,1.2993237182009105
Pk0+Pk2+Pk4+SqBk0,kmin-0.0_kmax-Bk=0.2__Pk=0.6,"Pk<0.6, Bk<0.2",11,3.007,0.75175,1,1.3554193331503819,1.3554193331503819,1.3554193331503819
Pk0+Pk2+Pk4+SqBk0,kmin-0.0_kmax-Bk=0.2__Pk=0.6,"Pk<0.6, Bk<0.2",12,3.75875,0.75175,1,1.3716129194606783,1.3716129194606783,1.3716129194606783
Pk0+Pk2+Pk4+SqBk0,kmin-0.0_kmax-Bk=0.2__Pk=0.6,"Pk<0.6, Bk<0.2",13,4.5105,0.75175,1,1.4857660206393652,1.4857660206393652,1.4857660206393652
Pk0+Pk2+Pk4+SqBk0,kmin-0.0_kmax-Bk=0.2__Pk=0.6,"Pk<0.6, Bk<0.2",14,0.0,1.5035,1,1.1755238947374047,1.1755238947374047,1.1755238947374047
Pk0+Pk2+Pk4+SqBk0,kmin-0.0_kmax-Bk=0.2__Pk=0.6,"Pk<0.6, Bk<0.2",15,0.75175,1.5035,1,1.1614112392483003,1.1614112392483003,1.1614112392483003
Pk0+Pk2+Pk4+SqBk0,kmin-0.0_kmax-Bk=0.2__Pk=0.6,"Pk<0.6, Bk<0.2",16,1.5035,1.5035,1,1.2710628234490648,1.2710628234490648,1.2710628234490648
Pk0+Pk2+Pk4+SqBk0,kmin-0.0_kmax-Bk=0.2__Pk=0.6,"Pk<0.6, Bk<0.2",17,2.25525,1.5035,1,1.241381297673784,1.241381297673784,1.241381297673784
Pk0+Pk2+Pk4+SqBk0,kmin-0.0_kmax-Bk=0.2__Pk=0.6,"Pk<0.6, Bk<0.2",18,3.007,1.5035,1,1.3470320149148047,1.3470320149148047,1.3470320149148047
Pk0+Pk2+Pk4+SqBk0,kmin-0.0_kmax-Bk=0.2__Pk=0.6,"Pk<0.6, Bk<0.2",19,3.75875,1.5035,1,1.5136202779485457,1.5136202779485457,1.5136202779485457
Pk0+Pk2+Pk4+SqBk0,kmin-0.0_kmax-Bk=0.2__Pk=0.6,"Pk<0.6, Bk<0.2",20,4.5105,1.5035,1,1.7452238273664542,1.7452238273664542,1.7452238273664542
Pk0+Pk2+Pk4+SqBk0,kmin-0.0_kmax-Bk=0.2__Pk=0.6,"Pk<0.6, Bk<0.2",21,0.0,2.25525,1,1.0911000561880257,1.0911000561880257,1.0911000561880257
Pk0+Pk2+Pk4+SqBk0,kmin-0.0_kmax-Bk=0.2__Pk=0.6,"Pk<0.6, Bk<0.2",22,0.75175,2.25525,1,1.0438660299410292,1.0438660299410292,1.0438660299410292
Pk0+Pk2+Pk4+SqBk0,kmin-0.0_kmax-Bk=0.2__Pk=0.6,"Pk<0.6, Bk<0.2",23,1.5035,2.25525,1,1.0794423660414942,1.0794423660414942,1.0794423660414942
Pk0+Pk2+Pk4+SqBk0,kmin-0.0_kmax-Bk=0.2__Pk=0.6,"Pk<0.6, Bk<0.2",24,2.25525,2.25525,1,1.3374307094838327,1.3374307094838327,1.3374307094838327
Pk0+Pk2+Pk4+SqBk0,kmin-0.0_kmax-Bk=0.2__Pk=0.6,"Pk<0.6, Bk<0.2",25,3.007,2.25525,1,1.3820293400100572,1.3820293400100572,1.3820293400100572
Pk0+Pk2+Pk4+SqBk0,kmin-0.0_kmax-Bk=0.2__Pk=0.6,"Pk<0.6, Bk<0.2",26,3.75875,2.25525,1,1.604504543105014,1.604504543105014,1.604504543105014
Pk0+Pk2+Pk4+SqBk0,kmin-0.0_kmax-Bk=0.2__Pk=0.6,"Pk<0.6, Bk<0.2",27,4.5105,2.25525,1,1.7190923249407484,1.7190923249407484,1.7190923249407484
Pk0+Pk2+Pk4+SqBk0,kmin-0.0_kmax-Bk=0.2__Pk=0.6,"Pk<0.6, Bk<0.2",28,0.0,3.007,1,1.074396149077529,1.074396149077529,1.074396149077529
Pk0+Pk2+Pk4+SqBk0,kmin-0.0_kmax-Bk=0.2__Pk=0.6,"Pk<0.6, Bk<0.2",29,0.75175,3.007,1,1.1589822986813434,1.1589822986813434,1.1589822986813434
Pk0+Pk2+Pk4+SqBk0,kmin-0.0_kmax-Bk=0.2__Pk=0.6,"Pk<0.6, Bk<0.2",30,1.5035,3.007,1,1.1935443281469569,1.1935443281469569,1.1935443281469569
Pk0+Pk2+Pk4+SqBk0,kmin-0.0_kmax-Bk=0.2__Pk=0.6,"Pk<0.6, Bk<0.2",31,2.25525,3.007,1,1.3693259831972615,1.3693259831972615,1.3693259831972615
Pk0+Pk2+Pk4+SqBk0,kmin-0.0_kmax-Bk=0.2__Pk=0.6,"Pk<0.6, Bk<0.2",32,3.007,3.007,1,1.36903971370632,1.36903971370632,1.36903971370632
Pk0+Pk2+Pk4+SqBk0,kmin-0.0_kmax-Bk=0.2__Pk=0.6,"Pk<0.6, Bk<0.2",33,3.75875,3.007,1,1.458968791080432,1.458968791080432,1.458968791080432
Pk0+Pk2+Pk4+SqBk0,kmin-0.0_kmax-Bk=0.2__Pk=0.6,"Pk<0.6, Bk<0.2",34,4.5105,3.007,1,1.315399375988973,1.315399375988973,1.315399375988973
Pk0+Pk2+Pk4+SqBk0,kmin-0.0_kmax-Bk=0.2__Pk=0.6,"Pk<0.6, Bk<0.2",35,0.0,3.75875,1,1.1760148167966225,1.1760148167966225,1.1760148167966225
Pk0+Pk2+Pk4+SqBk0,kmin-0.0_kmax-Bk=0.2__Pk=0.6,"Pk<0.6, Bk<0.2",36,0.75175,3.75875,1,1.3149040881573804,1.3149040881573804,1.3149040881573804
Pk0+Pk2+Pk4+SqBk0,kmin-0.0_kmax-Bk=0.2__Pk=0.6,"Pk<0.6, Bk<0.2",37,1.5035,3.75875,1,1.2329083318114784,1.2329083318114784,1.2329083318114784
Pk0+Pk2+Pk4+SqBk0,kmin-0.0_kmax-Bk=0.2__Pk=0.6,"Pk<0.6, Bk<0.2",38,2.25525,3.75875,1,1.3524159072037316,1.3524159072037316,1.3524159072037316
Pk0+Pk2+Pk4+SqBk0,kmin-0.0_kmax-Bk=0.2__Pk=0.6,"Pk<0.6, Bk<0.2",39,3.007,3.75875,1,1.2561044124050096,1.2561044124050096,1.2561044124050096
Pk0+Pk2+Pk4+SqBk0,kmin-0.0_kmax-Bk=0.2__Pk=0.6,"Pk<0.6, Bk<0.2",40,3.75875,3.75875,1,1.4648343299498259,1.4648343299498259,1.4648343299498259
Pk0+Pk2+Pk4+SqBk0,kmin-0.0_kmax-Bk=0.2__Pk=0.6,"Pk<0.6, Bk<0.2",41,4.5105,3.75875,1,1.1827033192955776,1.1827033192955776,1.1827033192955776
Pk0+Pk2+Pk4+SqBk0,kmin-0.0_kmax-Bk=0.2__Pk=0.6,"Pk<0.6, Bk<0.2",42,0.0,4.5105,1,1.0675802484469101,1.0675802484469101,1.0675802484469101
Pk0+Pk2+Pk4+SqBk0,kmin-0.0_kmax-Bk=0.2__Pk=0.6,"Pk<0.6, Bk<0.2",43,0.75175,4.5105,1,1.0922354821579696,1.0922354821579696,1.0922354821579696
Pk0+Pk2+Pk4+SqBk0,kmin-0.0_kmax-Bk=0.2__Pk=0.6,"Pk<0.6, Bk<0.2",44,1.5035,4.5105,1,1.066232519204378,1.066232519204378,1.066232519204378
Pk0+Pk2+Pk4+SqBk0,kmin-0.0_kmax-Bk=0.2__Pk=0.6,"Pk<0.6, Bk<0.2",45,2.25525,4.5105,1,1.097888463855878,1.097888463855878,1.097888463855878
Pk0+Pk2+Pk4+SqBk0,kmin-0.0_kmax-Bk=0.2__Pk=0.6,"Pk<0.6, Bk<0.2",46,3.007,4.5105,1,1.074548601962032,1.074548601962032,1.074548601962032
Pk0+Pk2+Pk4+SqBk0,kmin-0.0_kmax-Bk=0.2__Pk=0.6,"Pk<0.6, Bk<0.2",47,3.75875,4.5105,1,1.1559979058955976,1.1559979058955976,1.1559979058955976
Pk0+Pk2+Pk4+SqBk0,kmin-0.0_kmax-Bk=0.2__Pk=0.6,"Pk<0.6, Bk<0.2",48,4.5105,4.5105,1,1.3347000339505082,1.3347000339505082,1.3347000339505082
